Population;Latitude;Location;Date;Month;ID;Male.size;Male.weight;GiftWeight;GiftType;Female.size;Female.weight
Xanxere;26.78;North;2021;1;1;4.8;0.098;NA;NA;4.9;0.122
Xanxere;26.78;North;2021;1;2;5.1;0.095;NA;NA;4.3;0.103
Xanxere;26.78;North;2021;1;3;5.4;0.125;NA;NA;5.1;0.18
Xanxere;26.78;North;2021;1;4;5.6;0.152;NA;NA;4.1;0.169
Xanxere;26.78;North;2021;1;5;5.4;0.119;NA;NA;5.1;0.131
Xanxere;26.78;North;2021;1;6;4.8;0.106;NA;NA;4.9;0.177
Xanxere;26.78;North;2021;1;7;5.4;0.121;NA;NA;5;0.175
Xanxere;26.78;North;2021;1;8;3.8;0.093;NA;NA;4.5;0.128
Xanxere;26.78;North;2021;1;9;5.5;0.152;NA;NA;5;0.198
Xanxere;26.78;North;2021;1;10;5;0.119;NA;NA;4.1;0.131
Xanxere;26.78;North;2021;1;11;4.4;0.106;NA;NA;5.2;0.177
Xanxere;26.78;North;2021;1;12;4.9;0.104;NA;NA;4.7;NA
Xanxere;26.78;North;2021;1;13;5.1;0.104;NA;NA;4.1;NA
Xanxere;26.78;North;2021;1;14;5.5;0.112;NA;NA;4.4;NA
Xanxere;26.78;North;2021;1;15;5.1;0.125;NA;NA;3.9;NA
Xanxere;26.78;North;2021;1;16;4.4;0.093;NA;NA;4.2;NA
Xanxere;26.78;North;2021;1;17;5;0.108;NA;NA;4.1;NA
Xanxere;26.78;North;2021;1;18;5.4;0.167;NA;NA;4.4;NA
Xanxere;26.78;North;2021;1;19;5.1;0.099;NA;NA;NA;NA
Xanxere;26.78;North;2021;1;20;4.6;0.113;NA;NA;NA;NA
Xanxere;26.78;North;2021;1;21;4.4;0.108;0.0005;1;NA;NA
Xanxere;26.78;North;2021;1;22;5.7;0.101;0.0001;1;NA;NA
Xanxere;26.78;North;2021;1;23;5;0.127;0.0005;1;NA;NA
Xanxere;26.78;North;2021;2;1;4.7;NA;NA;NA;4.2;NA
Xanxere;26.78;North;2021;2;2;3.9;NA;NA;NA;4.6;NA
Xanxere;26.78;North;2021;2;3;4.4;NA;NA;NA;4.4;NA
Xanxere;26.78;North;2021;2;4;4;NA;NA;NA;4.2;NA
Xanxere;26.78;North;2021;2;5;4.1;NA;NA;NA;4.7;NA
Xanxere;26.78;North;2021;2;6;4;NA;NA;NA;3.9;NA
Xanxere;26.78;North;2021;2;7;4.2;NA;NA;NA;4.8;NA
Xanxere;26.78;North;2021;2;8;3.9;NA;NA;NA;4.7;NA
Xanxere;26.78;North;2021;2;9;4.1;NA;NA;NA;4.2;NA
Xanxere;26.78;North;2021;2;10;4.2;NA;NA;NA;3.9;NA
Xanxere;26.78;North;2021;2;11;3.8;NA;NA;NA;4.4;NA
Xanxere;26.78;North;2021;2;12;3.9;NA;NA;NA;3.6;NA
Xanxere;26.78;North;2021;2;13;4.1;NA;NA;NA;3.4;NA
Xanxere;26.78;North;2021;2;14;3.9;NA;NA;NA;4.2;NA
Xanxere;26.78;North;2021;2;15;3.8;NA;NA;NA;4.8;NA
Xanxere;26.78;North;2021;2;16;4.3;NA;NA;NA;4.3;NA
Xanxere;26.78;North;2021;2;17;4.2;NA;NA;NA;4;NA
Xanxere;26.78;North;2021;2;18;4;NA;NA;NA;4;NA
Xanxere;26.78;North;2021;2;19;4.1;NA;NA;NA;4.9;NA
Xanxere;26.78;North;2021;2;20;4.1;NA;NA;NA;4.4;NA
Xanxere;26.78;North;2021;2;21;3.7;NA;0;1;NA;NA
Xanxere;26.78;North;2021;3;1;3.6;0.064;NA;NA;4.1;0.121
Xanxere;26.78;North;2021;3;2;4.4;0.119;NA;NA;3.9;0.163
Xanxere;26.78;North;2021;3;3;3.8;0.091;NA;NA;4;0.124
Xanxere;26.78;North;2021;3;4;4;0.077;NA;NA;3.7;0.168
Xanxere;26.78;North;2021;3;5;3.5;0.071;NA;NA;3.4;0.18
Xanxere;26.78;North;2021;3;6;3.6;0.09;NA;NA;4.1;0.094
Xanxere;26.78;North;2021;3;7;3.3;0.121;NA;NA;3.3;0.085
Xanxere;26.78;North;2021;3;8;4.4;0.122;NA;NA;4.4;0.177
Xanxere;26.78;North;2021;3;9;3.8;0.104;NA;NA;4.2;0.191
Xanxere;26.78;North;2021;3;10;4.2;0.123;NA;NA;NA;NA
Xanxere;26.78;North;2021;3;11;4.2;0.128;NA;NA;NA;NA
Xanxere;26.78;North;2021;3;12;3.3;0.1;NA;NA;NA;NA
Xanxere;26.78;North;2021;3;13;3.8;0.076;NA;NA;NA;NA
Xanxere;26.78;North;2021;3;14;4.5;0.127;NA;NA;NA;NA
Xanxere;26.78;North;2021;3;15;3.5;0.103;NA;NA;NA;NA
Xanxere;26.78;North;2021;3;16;4.4;0.143;NA;NA;NA;NA
Xanxere;26.78;North;2021;3;17;3.7;0.083;NA;NA;NA;NA
Xanxere;26.78;North;2021;3;18;4.1;0.083;NA;NA;NA;NA
Xanxere;26.78;North;2021;3;19;3.8;0.073;0;1;NA;NA
Xanxere;26.78;North;2021;3;20;3.8;0.09;0;1;NA;NA
Xanxere;26.78;North;2021;3;21;3.8;0.074;0;1;NA;NA
Xanxere;26.78;North;2021;3;22;3.9;0.111;0;1;NA;NA
Xanxere;26.78;North;2021;3;23;4;0.112;0.006;0;NA;NA
Xanxere;26.78;North;2021;3;24;3.7;0.07;0.006;0;NA;NA
Xanxere;26.78;North;2021;3;25;4.1;0.091;0.016;0;NA;NA
Xanxere;26.78;North;2021;3;NA;NA;NA;0;1;NA;NA
Xanxere;26.78;North;2021;4;1;3.6;0.07;NA;NA;4;0.114
Xanxere;26.78;North;2021;4;2;3.4;0.089;NA;NA;3.6;0.135
Xanxere;26.78;North;2021;4;3;4.3;0.096;NA;NA;5.8;0.075
Xanxere;26.78;North;2021;4;4;4.1;0.059;NA;NA;4.1;0.082
Xanxere;26.78;North;2021;4;5;3.9;0.08;NA;NA;3.9;0.071
Xanxere;26.78;North;2021;4;6;3.9;0.08;NA;NA;4.1;0.098
Xanxere;26.78;North;2021;4;8;3.8;0.098;NA;NA;4;0.125
Xanxere;26.78;North;2021;4;9;3.6;0.071;NA;NA;4.5;0.151
Xanxere;26.78;North;2021;4;10;3.9;0.097;NA;NA;4.1;0.102
Xanxere;26.78;North;2021;4;11;4.2;0.072;NA;NA;4.2;0.116
Xanxere;26.78;North;2021;4;12;4.1;0.085;NA;NA;4;0.1
Xanxere;26.78;North;2021;4;13;4.2;0.074;NA;NA;3.7;0.08
Xanxere;26.78;North;2021;4;14;4;0.068;NA;NA;3.6;0.09
Xanxere;26.78;North;2021;4;15;4.5;0.086;NA;NA;4;0.099
Xanxere;26.78;North;2021;4;16;4.3;0.092;NA;NA;3.8;0.08
Xanxere;26.78;North;2021;4;17;3.6;0.068;NA;NA;3.9;0.185
Xanxere;26.78;North;2021;4;18;3.7;0.09;NA;NA;4.1;0.087
Xanxere;26.78;North;2021;4;19;4.2;0.104;NA;NA;3.8;0.093
Xanxere;26.78;North;2021;4;20;4;0.084;NA;NA;4;0.064
Xanxere;26.78;North;2021;4;21;4.1;0.058;NA;NA;NA;NA
Xanxere;26.78;North;2021;4;22;4.1;0.063;0.0048;0;NA;NA
Xanxere;26.78;North;2021;4;23;3.8;0.081;0.0027;0;NA;NA
Xanxere;26.78;North;2021;4;24;3.5;0.068;0.001;1;NA;NA
Xanxere;26.78;North;2021;4;25;3.6;0.094;0.0013;0;NA;NA
Xanxere;26.78;North;2021;4;26;4.4;0.117;0.0009;1;NA;NA
Xanxere;26.78;North;2021;4;27;3.6;0.058;0.0005;1;NA;NA
Xanxere;26.78;North;2022;3;1;4.4;0.102;NA;NA;4.6;0.122
Xanxere;26.78;North;2022;3;2;4.1;0.087;NA;NA;4.4;0.186
Xanxere;26.78;North;2022;3;3;4.5;0.084;NA;NA;4.3;0.132
Xanxere;26.78;North;2022;3;4;5;0.107;0.0025;1;4.9;0.203
Xanxere;26.78;North;2022;3;5;4.9;0.114;0.0051;0;4.4;0.129
Xanxere;26.78;North;2022;3;6;4.1;0.167;0.0022;1;4.7;0.133
Xanxere;26.78;North;2022;3;7;5.1;0.093;0.0039;1;4.6;0.169
Xanxere;26.78;North;2022;3;8;NA;NA;NA;NA;4.5;0.227
Xanxere;26.78;North;2022;3;9;NA;NA;NA;NA;4.6;0.172
Xanxere;26.78;North;2022;3;10;NA;NA;NA;NA;4.7;0.152
Xanxere;26.78;North;2022;3;11;NA;NA;NA;NA;4.9;0.222
Xanxere;26.78;North;2022;3;12;NA;NA;NA;NA;5.1;0.15
Candelaria;29.5;Center-North;2021;1;1;3.8;0.072;NA;NA;3.4;0.155
Candelaria;29.5;Center-North;2021;1;2;4;0.078;NA;NA;4;0.089
Candelaria;29.5;Center-North;2021;1;3;4.4;0.123;NA;NA;4;0.081
Candelaria;29.5;Center-North;2021;1;4;4.2;0.104;NA;NA;4.2;0.102
Candelaria;29.5;Center-North;2021;1;5;4.1;0.095;NA;NA;3.8;0.088
Candelaria;29.5;Center-North;2021;1;6;3.8;0.089;NA;NA;4;0.112
Candelaria;29.5;Center-North;2021;1;7;4;0.092;NA;NA;4.2;0.094
Candelaria;29.5;Center-North;2021;1;8;3.4;0.077;NA;NA;4;0.109
Candelaria;29.5;Center-North;2021;1;9;3.8;0.088;NA;NA;3.9;0.133
Candelaria;29.5;Center-North;2021;1;10;4.2;0.094;NA;NA;3.8;0.076
Candelaria;29.5;Center-North;2021;1;11;3.8;0.103;NA;NA;3.9;0.091
Candelaria;29.5;Center-North;2021;1;12;3.8;0.07;NA;NA;3.9;0.093
Candelaria;29.5;Center-North;2021;1;13;3.7;0.087;NA;NA;4;0.145
Candelaria;29.5;Center-North;2021;1;14;4;0.088;NA;NA;3.5;0.111
Candelaria;29.5;Center-North;2021;1;15;3.6;0.088;NA;NA;4.3;0.221
Candelaria;29.5;Center-North;2021;1;16;3.8;0.094;NA;NA;4.2;0.134
Candelaria;29.5;Center-North;2021;1;17;3.6;0.079;NA;NA;3.3;0.103
Candelaria;29.5;Center-North;2021;1;18;3.6;0.08;NA;NA;4.4;0.12
Candelaria;29.5;Center-North;2021;1;19;3.8;0.092;NA;NA;4.4;0.073
Candelaria;29.5;Center-North;2021;1;20;3.6;0.094;NA;NA;4;0.08
Candelaria;29.5;Center-North;2021;1;21;3.8;0.081;0.0006;1;NA;NA
Candelaria;29.5;Center-North;2021;1;22;3.2;0.079;0.0003;1;NA;NA
Candelaria;29.5;Center-North;2021;1;23;3.9;0.084;0.002;1;NA;NA
Candelaria;29.5;Center-North;2021;1;24;3.6;0.074;0.0005;1;NA;NA
Candelaria;29.5;Center-North;2021;1;25;3.4;0.065;0.0037;0;NA;NA
Candelaria;29.5;Center-North;2021;2;1;3.8;0.075;NA;NA;4;0.099
Candelaria;29.5;Center-North;2021;2;2;3.4;0.069;NA;NA;3.9;0.102
Candelaria;29.5;Center-North;2021;2;3;3.4;0.083;NA;NA;3.2;0.129
Candelaria;29.5;Center-North;2021;2;4;3.8;0.098;NA;NA;3.8;0.084
Candelaria;29.5;Center-North;2021;2;5;3.7;0.086;NA;NA;3.6;0.069
Candelaria;29.5;Center-North;2021;2;6;3.7;0.081;NA;NA;4.4;0.158
Candelaria;29.5;Center-North;2021;2;7;3.4;0.083;NA;NA;3.7;0.129
Candelaria;29.5;Center-North;2021;2;8;3.6;0.09;NA;NA;3.8;0.122
Candelaria;29.5;Center-North;2021;2;9;3.3;0.095;NA;NA;3.6;0.089
Candelaria;29.5;Center-North;2021;2;10;3.7;0.08;NA;NA;4.2;0.108
Candelaria;29.5;Center-North;2021;2;11;3.8;0.076;NA;NA;3.8;0.163
Candelaria;29.5;Center-North;2021;2;12;3.5;0.065;NA;NA;4;0.151
Candelaria;29.5;Center-North;2021;2;13;3.6;0.071;NA;NA;4.3;0.184
Candelaria;29.5;Center-North;2021;2;14;3.5;0.07;NA;NA;4.3;0.115
Candelaria;29.5;Center-North;2021;2;15;3.6;0.07;NA;NA;4.6;0.161
Candelaria;29.5;Center-North;2021;2;16;3.5;0.066;NA;NA;3.9;0.13
Candelaria;29.5;Center-North;2021;2;17;3.9;0.094;NA;NA;4.4;0.158
Candelaria;29.5;Center-North;2021;2;18;3.6;0.076;NA;NA;4.2;0.123
Candelaria;29.5;Center-North;2021;2;19;3.8;0.062;NA;NA;3.7;0.108
Candelaria;29.5;Center-North;2021;2;20;3.6;0.08;NA;NA;4.4;0.134
Candelaria;29.5;Center-North;2021;2;21;4.1;0.083;0.0007;1;NA;NA
Candelaria;29.5;Center-North;2021;2;22;4.2;0.094;NA;NA;NA;NA
Candelaria;29.5;Center-North;2021;2;23;3.7;0.073;0.0022;0;NA;NA
Candelaria;29.5;Center-North;2021;2;24;4.6;0.119;0.0045;0;NA;NA
Candelaria;29.5;Center-North;2021;2;25;3.9;0.091;0.0004;1;NA;NA
Candelaria;29.5;Center-North;2021;2;26;4.4;0.102;0.0021;0;NA;NA
Candelaria;29.5;Center-North;2021;2;27;3.9;0.086;0.0015;1;NA;NA
Candelaria;29.5;Center-North;2021;2;28;3.8;0.07;0.0007;1;NA;NA
Candelaria;29.5;Center-North;2021;2;29;3.6;0.074;0.0041;0;NA;NA
Candelaria;29.5;Center-North;2021;2;30;3.8;0.088;0.0021;0;NA;NA
Candelaria;29.5;Center-North;2021;2;31;3.5;0.015;0.0038;0;NA;NA
Candelaria;29.5;Center-North;2021;2;32;3.8;0.084;0.0054;0;NA;NA
Candelaria;29.5;Center-North;2021;2;33;3.6;0.076;0.0017;0;NA;NA
Candelaria;29.5;Center-North;2021;2;34;3.5;0.087;0.002;0;NA;NA
Candelaria;29.5;Center-North;2021;3;1;4.1;0.084;NA;NA;4.2;0.175
Candelaria;29.5;Center-North;2021;3;2;3.6;0.074;NA;NA;4.1;0.137
Candelaria;29.5;Center-North;2021;3;3;3.4;0.071;NA;NA;4.2;0.104
Candelaria;29.5;Center-North;2021;3;4;3.4;0.08;NA;NA;3.8;0.124
Candelaria;29.5;Center-North;2021;3;5;3.6;0.065;NA;NA;3.7;0.096
Candelaria;29.5;Center-North;2021;3;6;3.3;0.055;NA;NA;3.6;0.085
Candelaria;29.5;Center-North;2021;3;7;3.4;0.058;NA;NA;3.9;0.194
Candelaria;29.5;Center-North;2021;3;8;3.7;0.095;NA;NA;3.7;0.069
Candelaria;29.5;Center-North;2021;3;9;3.5;0.075;NA;NA;3.6;0.094
Candelaria;29.5;Center-North;2021;3;10;4.1;0.091;NA;NA;3.2;0.125
Candelaria;29.5;Center-North;2021;3;11;3.4;0.073;NA;NA;3.7;0.075
Candelaria;29.5;Center-North;2021;3;12;3.6;0.08;NA;NA;3.7;0.091
Candelaria;29.5;Center-North;2021;3;13;4.2;0.107;NA;NA;3.7;0.162
Candelaria;29.5;Center-North;2021;3;14;3.2;0.052;NA;NA;3.9;0.118
Candelaria;29.5;Center-North;2021;3;15;3.7;0.09;NA;NA;4.2;0.139
Candelaria;29.5;Center-North;2021;3;16;3.5;0.077;NA;NA;3.4;0.068
Candelaria;29.5;Center-North;2021;3;17;3.9;0.093;NA;NA;3.7;0.129
Candelaria;29.5;Center-North;2021;3;18;3.6;0.069;0.0026;0;3.7;0.12
Candelaria;29.5;Center-North;2021;3;19;3.8;0.064;0;1;3.9;0.107
Candelaria;29.5;Center-North;2021;3;20;3.3;0.054;0.0027;0;3.9;0.093
Candelaria;29.5;Center-North;2021;3;21;3.6;0.079;0.0013;0;NA;NA
Candelaria;29.5;Center-North;2021;3;22;3.8;0.06;0.0033;0;NA;NA
Candelaria;29.5;Center-North;2021;3;23;3.8;0.106;0.0022;0;NA;NA
Candelaria;29.5;Center-North;2021;3;24;4;0.105;0;1;NA;NA
Candelaria;29.5;Center-North;2021;3;25;4.2;0.11;0.0046;0;NA;NA
Candelaria;29.5;Center-North;2021;3;26;3.6;0.07;0.0009;1;NA;NA
Candelaria;29.5;Center-North;2021;3;27;3.9;0.099;0.0119;0;NA;NA
Candelaria;29.5;Center-North;2021;4;1;3.6;0.042;NA;NA;3.5;0.049
Candelaria;29.5;Center-North;2021;4;2;4;0.05;NA;NA;3.2;0.051
Candelaria;29.5;Center-North;2021;4;3;3.5;0.04;NA;NA;3.5;0.052
Candelaria;29.5;Center-North;2021;4;4;3.7;0.044;NA;NA;3.5;0.048
Candelaria;29.5;Center-North;2021;4;5;3.8;0.048;NA;NA;3.6;0.07
Candelaria;29.5;Center-North;2021;4;6;3.2;0.047;NA;NA;4.2;0.085
Candelaria;29.5;Center-North;2021;4;7;4.3;0.057;NA;NA;NA;NA
Candelaria;29.5;Center-North;2022;2;1;4.1;0.079;NA;NA;4.7;0.075
Candelaria;29.5;Center-North;2022;2;1;5.1;0.099;NA;NA;4.9;0.163
Candelaria;29.5;Center-North;2022;2;2;5;0.108;NA;NA;4.6;0.091
Candelaria;29.5;Center-North;2022;2;2;5.2;0.1;NA;NA;5;0.139
Candelaria;29.5;Center-North;2022;2;3;4.6;0.067;NA;NA;5;0.092
Candelaria;29.5;Center-North;2022;2;3;4.8;0.072;NA;NA;4.5;0.084
Candelaria;29.5;Center-North;2022;2;4;5;0.112;NA;NA;5.3;0.104
Candelaria;29.5;Center-North;2022;2;4;4.3;0.072;NA;NA;4.9;0.155
Candelaria;29.5;Center-North;2022;2;5;4.3;0.07;NA;NA;5;0.136
Candelaria;29.5;Center-North;2022;2;5;4.5;0.078;NA;NA;5;0.105
Candelaria;29.5;Center-North;2022;2;6;4.3;0.06;NA;NA;4.5;0.173
Candelaria;29.5;Center-North;2022;2;6;4.4;0.072;NA;NA;5.1;0.142
Candelaria;29.5;Center-North;2022;2;7;5;0.121;NA;NA;4.9;0.102
Candelaria;29.5;Center-North;2022;2;7;5.2;0.112;NA;NA;4.9;0.142
Candelaria;29.5;Center-North;2022;2;8;4.5;0.082;NA;NA;5;0.154
Candelaria;29.5;Center-North;2022;2;8;4.6;0.072;NA;NA;5.1;0.169
Candelaria;29.5;Center-North;2022;2;9;4.6;0.079;NA;NA;4.3;0.119
Candelaria;29.5;Center-North;2022;2;9;4.7;0.09;NA;NA;5.1;0.11
Candelaria;29.5;Center-North;2022;2;10;4.4;0.098;NA;NA;4.3;0.112
Candelaria;29.5;Center-North;2022;2;10;4.7;0.09;NA;NA;4.3;0.091
Candelaria;29.5;Center-North;2022;2;11;4.8;0.092;NA;NA;4.5;0.123
Candelaria;29.5;Center-North;2022;2;11;5.2;0.071;NA;NA;4.7;0.155
Candelaria;29.5;Center-North;2022;2;12;4.4;0.082;NA;NA;5.2;0.098
Candelaria;29.5;Center-North;2022;2;12;4.8;0.072;NA;NA;4.9;0.218
Candelaria;29.5;Center-North;2022;2;13;4.4;0.082;NA;NA;5.2;0.154
Candelaria;29.5;Center-North;2022;2;13;5.1;0.083;NA;NA;4.7;0.132
Candelaria;29.5;Center-North;2022;2;14;4.3;0.057;NA;NA;4.7;0.078
Candelaria;29.5;Center-North;2022;2;14;4.7;0.06;NA;NA;5;0.172
Candelaria;29.5;Center-North;2022;2;15;5;0.074;NA;NA;4.6;0.13
Candelaria;29.5;Center-North;2022;2;15;5.3;0.084;NA;NA;5.1;0.094
Candelaria;29.5;Center-North;2022;2;16;5;0.084;NA;NA;4.6;0.099
Candelaria;29.5;Center-North;2022;2;16;4.9;0.104;NA;NA;4.4;0.093
Candelaria;29.5;Center-North;2022;2;17;4.4;0.071;NA;NA;5.3;0.138
Candelaria;29.5;Center-North;2022;2;17;4.9;0.078;NA;NA;4.7;0.121
Candelaria;29.5;Center-North;2022;2;18;4.5;0.079;NA;NA;4.9;0.073
Candelaria;29.5;Center-North;2022;2;18;5.1;0.092;NA;NA;5;0.109
Candelaria;29.5;Center-North;2022;2;19;4.4;0.068;NA;NA;4.2;0.098
Candelaria;29.5;Center-North;2022;2;19;4.5;0.07;NA;NA;4.6;0.098
Candelaria;29.5;Center-North;2022;2;20;5;0.106;NA;NA;4.9;0.089
Candelaria;29.5;Center-North;2022;2;20;4.9;0.097;NA;NA;4.5;0.123
Candelaria;29.5;Center-North;2022;2;21;4.2;0.075;0.0021;1;NA;NA
Candelaria;29.5;Center-North;2022;2;21;4.9;0.094;0.0059;0;NA;NA
Candelaria;29.5;Center-North;2022;2;22;4.1;0.083;0.0022;1;NA;NA
Candelaria;29.5;Center-North;2022;2;22;5.3;0.11;0.0021;1;NA;NA
Candelaria;29.5;Center-North;2022;2;23;5;0.087;0.0051;0;NA;NA
Candelaria;29.5;Center-North;2022;2;23;4.5;0.065;0.0004;1;NA;NA
Candelaria;29.5;Center-North;2022;2;24;4.7;0.103;0.0011;1;NA;NA
Candelaria;29.5;Center-North;2022;2;24;5.2;0.095;0.0094;0;NA;NA
Candelaria;29.5;Center-North;2022;2;25;4;0.06;0.0091;0;NA;NA
Candelaria;29.5;Center-North;2022;2;25;4.4;0.074;0.005;0;NA;NA
Candelaria;29.5;Center-North;2022;2;26;5;0.087;0.0007;1;NA;NA
Candelaria;29.5;Center-North;2022;2;26;4.5;0.071;0.0007;1;NA;NA
Candelaria;29.5;Center-North;2022;2;27;4.7;0.091;0.0002;1;NA;NA
Candelaria;29.5;Center-North;2022;2;27;4.9;0.075;0.0052;0;NA;NA
Candelaria;29.5;Center-North;2022;2;28;4.6;0.085;0.0027;0;NA;NA
Candelaria;29.5;Center-North;2022;2;28;4.6;0.089;0.0071;0;NA;NA
Candelaria;29.5;Center-North;2022;2;29;5;0.094;0.0021;0;NA;NA
Candelaria;29.5;Center-North;2022;2;29;5;0.088;0.0048;0;NA;NA
Candelaria;29.5;Center-North;2022;2;30;4.4;0.086;0.0058;0;NA;NA
Candelaria;29.5;Center-North;2022;2;30;4.7;0.083;0.0048;0;NA;NA
Candelaria;29.5;Center-North;2022;2;31;4.4;0.063;0.0032;0;NA;NA
Candelaria;29.5;Center-North;2022;2;31;4.6;0.092;0.0014;1;NA;NA
Candelaria;29.5;Center-North;2022;2;32;5;0.1;0.0017;1;NA;NA
Candelaria;29.5;Center-North;2022;2;32;4.9;0.107;0.0036;0;NA;NA
Candelaria;29.5;Center-North;2022;2;33;5;0.125;0.0081;0;NA;NA
Candelaria;29.5;Center-North;2022;2;33;5.1;0.079;0.0014;1;NA;NA
Candelaria;29.5;Center-North;2022;2;34;4.3;0.104;0.0036;0;NA;NA
Candelaria;29.5;Center-North;2022;2;34;4.6;0.084;0.0202;0;NA;NA
Candelaria;29.5;Center-North;2022;2;35;4.2;0.097;0.0024;0;NA;NA
Candelaria;29.5;Center-North;2022;2;35;4.8;0.085;0.0023;1;NA;NA
Candelaria;29.5;Center-North;2022;2;36;4.9;0.105;0.0047;0;NA;NA
Candelaria;29.5;Center-North;2022;2;36;5.2;0.075;0.0046;0;NA;NA
Candelaria;29.5;Center-North;2022;2;37;4.4;0.081;0.0039;0;NA;NA
Candelaria;29.5;Center-North;2022;2;37;4.9;0.087;0.0036;0;NA;NA
Candelaria;29.5;Center-North;2022;2;37;NA;NA;0.0085;0;NA;NA
Candelaria;29.5;Center-North;2022;2;38;4.7;0.088;0.001;1;NA;NA
Candelaria;29.5;Center-North;2022;2;39;4.7;0.094;0.001;1;NA;NA
Candelaria;29.5;Center-North;2022;2;40;4.2;0.073;0.0011;1;NA;NA
Candelaria;29.5;Center-North;2022;2;41;4.5;0.105;0.0043;0;NA;NA
Candelaria;29.5;Center-North;2022;2;42;NA;NA;0.0049;0;NA;NA
Candelaria;29.5;Center-North;2022;2;43;NA;NA;0.0094;0;NA;NA
Candelaria;29.5;Center-North;2022;3;1;4.2;0.086;NA;NA;4.3;0.145
Candelaria;29.5;Center-North;2022;3;1;4.3;0.069;NA;NA;4.2;0.15
Candelaria;29.5;Center-North;2022;3;2;3.8;0.056;NA;NA;4.6;0.193
Candelaria;29.5;Center-North;2022;3;2;3.9;0.078;NA;NA;4.2;0.153
Candelaria;29.5;Center-North;2022;3;3;4.4;0.076;NA;NA;4.6;0.14
Candelaria;29.5;Center-North;2022;3;3;4.7;0.118;NA;NA;4.5;0.173
Candelaria;29.5;Center-North;2022;3;4;4.1;0.088;NA;NA;4;0.128
Candelaria;29.5;Center-North;2022;3;4;4.3;0.108;NA;NA;4.2;0.089
Candelaria;29.5;Center-North;2022;3;5;4;0.067;NA;NA;4.2;0.123
Candelaria;29.5;Center-North;2022;3;5;4.2;0.094;NA;NA;4.5;0.097
Candelaria;29.5;Center-North;2022;3;6;3.7;0.088;NA;NA;3.8;0.089
Candelaria;29.5;Center-North;2022;3;6;4.7;0.112;NA;NA;4.2;0.125
Candelaria;29.5;Center-North;2022;3;7;4.4;0.124;NA;NA;4.6;0.113
Candelaria;29.5;Center-North;2022;3;7;4.5;0.08;NA;NA;4.1;0.149
Candelaria;29.5;Center-North;2022;3;8;4;0.067;NA;NA;4.7;0.116
Candelaria;29.5;Center-North;2022;3;8;3.8;0.094;NA;NA;3.7;0.112
Candelaria;29.5;Center-North;2022;3;9;4.2;0.08;NA;NA;4.4;0.092
Candelaria;29.5;Center-North;2022;3;9;4.6;0.092;NA;NA;4.2;0.127
Candelaria;29.5;Center-North;2022;3;10;3.8;0.045;NA;NA;4.5;0.143
Candelaria;29.5;Center-North;2022;3;10;3.8;0.077;NA;NA;4;0.143
Candelaria;29.5;Center-North;2022;3;11;3.8;0.065;NA;NA;4.2;0.11
Candelaria;29.5;Center-North;2022;3;11;4.4;0.088;NA;NA;4.6;0.136
Candelaria;29.5;Center-North;2022;3;12;3.6;0.05;NA;NA;4.2;0.072
Candelaria;29.5;Center-North;2022;3;12;4.5;0.107;NA;NA;4.5;0.115
Candelaria;29.5;Center-North;2022;3;13;4.2;0.091;NA;NA;4.1;0.092
Candelaria;29.5;Center-North;2022;3;13;4.2;0.067;NA;NA;5.6;0.156
Candelaria;29.5;Center-North;2022;3;14;3.8;0.091;0.0094;0;4.2;0.136
Candelaria;29.5;Center-North;2022;3;14;3.9;0.074;0.0016;1;4.5;0.159
Candelaria;29.5;Center-North;2022;3;15;4;0.093;0.0057;0;4.3;0.183
Candelaria;29.5;Center-North;2022;3;15;4.5;0.094;0.0071;0;4.3;0.111
Candelaria;29.5;Center-North;2022;3;16;3.9;0.054;0.0029;0;3.7;0.148
Candelaria;29.5;Center-North;2022;3;16;4.1;0.086;0.0071;0;4.9;0.187
Candelaria;29.5;Center-North;2022;3;17;3.6;0.068;0.0098;0;4.4;0.155
Candelaria;29.5;Center-North;2022;3;17;4.3;0.111;0.0059;0;4.8;0.201
Candelaria;29.5;Center-North;2022;3;18;3.7;0.079;0.0181;0;4.1;0.115
Candelaria;29.5;Center-North;2022;3;18;3.9;0.073;0.0137;0;NA;NA
Candelaria;29.5;Center-North;2022;3;19;3.7;0.056;0.0129;0;4;0.118
Candelaria;29.5;Center-North;2022;3;19;4.2;0.059;0.0108;0;NA;NA
Candelaria;29.5;Center-North;2022;3;20;4;0.086;0.0032;1;NA;NA
Candelaria;29.5;Center-North;2022;3;20;4.1;0.067;0.0036;1;4.3;0.175
Candelaria;29.5;Center-North;2022;3;21;3.8;0.091;0.0117;0;NA;NA
Candelaria;29.5;Center-North;2022;3;21;3.9;0.067;0.0043;0;NA;NA
Candelaria;29.5;Center-North;2022;3;22;3.6;0.052;0.0057;0;NA;NA
Candelaria;29.5;Center-North;2022;3;22;4.5;0.084;0.0051;0;NA;NA
Candelaria;29.5;Center-North;2022;3;23;3.6;0.065;0.0117;0;NA;NA
Candelaria;29.5;Center-North;2022;3;23;NA;NA;0.0045;0;NA;NA
Candelaria;29.5;Center-North;2022;3;24;4.6;0.093;0.0142;0;NA;NA
Candelaria;29.5;Center-North;2022;3;25;3.7;0.082;0.0185;0;NA;NA
Candelaria;29.5;Center-North;2022;3;26;3.7;0.067;0.0144;0;NA;NA
Candelaria;29.5;Center-North;2022;3;27;3.8;0.072;0.0038;0;NA;NA
Candelaria;29.5;Center-North;2022;3;28;4.2;0.079;0.0161;0;NA;NA
Candelaria;29.5;Center-North;2022;3;29;4.1;0.062;0.0124;0;NA;NA
Candelaria;29.5;Center-North;2022;3;30;NA;NA;0.0101;0;NA;NA
Itaara;29.56;Center-North;2021;1;1;4.3;0.085;NA;NA;4.6;0.17
Itaara;29.56;Center-North;2021;1;2;4;0.087;NA;NA;4.5;0.177
Itaara;29.56;Center-North;2021;1;3;3.8;0.095;NA;NA;4.8;0.163
Itaara;29.56;Center-North;2021;1;4;3.9;0.062;NA;NA;4.2;0.182
Itaara;29.56;Center-North;2021;1;5;3.7;0.078;NA;NA;4;0.117
Itaara;29.56;Center-North;2021;1;6;3.8;0.075;NA;NA;4.3;0.12
Itaara;29.56;Center-North;2021;1;7;4;0.11;NA;NA;4.9;0.124
Itaara;29.56;Center-North;2021;1;8;4.1;0.09;NA;NA;4.4;0.152
Itaara;29.56;Center-North;2021;1;9;3.8;0.077;NA;NA;4.6;0.175
Itaara;29.56;Center-North;2021;1;10;3.8;0.093;NA;NA;4.3;0.145
Itaara;29.56;Center-North;2021;1;11;4;0.08;NA;NA;4;0.159
Itaara;29.56;Center-North;2021;1;12;4;0.092;NA;NA;4.5;0.148
Itaara;29.56;Center-North;2021;1;13;4.2;0.103;NA;NA;4;0.148
Itaara;29.56;Center-North;2021;1;14;4;0.078;NA;NA;4.3;0.108
Itaara;29.56;Center-North;2021;1;15;4;0.11;NA;NA;4.7;0.195
Itaara;29.56;Center-North;2021;1;16;4.3;0.088;NA;NA;4.2;0.095
Itaara;29.56;Center-North;2021;1;17;4;0.055;NA;NA;4.3;0.113
Itaara;29.56;Center-North;2021;1;18;4.6;0.094;NA;NA;4.1;0.13
Itaara;29.56;Center-North;2021;1;19;4.6;0.088;NA;NA;4.4;0.141
Itaara;29.56;Center-North;2021;1;20;3.9;0.076;NA;NA;3.7;0.093
Itaara;29.56;Center-North;2021;1;21;4.7;0.077;0.0034;0;NA;NA
Itaara;29.56;Center-North;2021;1;22;4.8;0.083;0.0014;1;NA;NA
Itaara;29.56;Center-North;2021;1;23;4;0.099;0.0047;0;NA;NA
Itaara;29.56;Center-North;2021;1;24;4.1;0.071;0.0013;1;NA;NA
Itaara;29.56;Center-North;2021;1;25;4.4;0.074;0.0025;0;NA;NA
Itaara;29.56;Center-North;2021;1;26;4.1;0.099;0.0077;0;NA;NA
Itaara;29.56;Center-North;2021;1;27;4.1;0.08;0.0023;0;NA;NA
Itaara;29.56;Center-North;2021;1;28;3.7;0.083;0.0039;0;NA;NA
Itaara;29.56;Center-North;2021;1;29;4;0.078;0.0018;1;NA;NA
Itaara;29.56;Center-North;2021;1;30;3.5;0.057;0.0019;1;NA;NA
Itaara;29.56;Center-North;2021;1;31;3.5;0.057;0.0019;0;NA;NA
Itaara;29.56;Center-North;2021;1;32;3.9;0.088;0.0046;0;NA;NA
Itaara;29.56;Center-North;2021;1;33;4.4;0.099;0.0018;0;NA;NA
Itaara;29.56;Center-North;2021;1;34;3.6;0.07;0.0009;1;NA;NA
Itaara;29.56;Center-North;2021;1;35;3.2;0.072;0.0023;1;NA;NA
Itaara;29.56;Center-North;2021;1;36;4;0.074;0.005;0;NA;NA
Itaara;29.56;Center-North;2021;1;37;4.6;0.118;0.0005;1;NA;NA
Itaara;29.56;Center-North;2021;1;38;4.2;0.066;0.0037;0;NA;NA
Itaara;29.56;Center-North;2021;1;39;4.4;0.082;0.0085;0;NA;NA
Itaara;29.56;Center-North;2021;2;1;3.7;NA;NA;NA;3.6;NA
Itaara;29.56;Center-North;2021;2;2;3.5;NA;NA;NA;3.6;NA
Itaara;29.56;Center-North;2021;2;3;3.8;NA;NA;NA;3.5;NA
Itaara;29.56;Center-North;2021;2;4;3.6;NA;NA;NA;3.2;NA
Itaara;29.56;Center-North;2021;2;5;3.2;NA;NA;NA;3.7;NA
Itaara;29.56;Center-North;2021;2;6;3.7;NA;NA;NA;3.8;NA
Itaara;29.56;Center-North;2021;2;7;3.4;NA;NA;NA;3.9;NA
Itaara;29.56;Center-North;2021;2;8;4;NA;NA;NA;3.5;NA
Itaara;29.56;Center-North;2021;2;9;3.4;NA;NA;NA;4;NA
Itaara;29.56;Center-North;2021;2;10;3.4;NA;NA;NA;3.7;NA
Itaara;29.56;Center-North;2021;2;11;3.5;NA;NA;NA;4.3;NA
Itaara;29.56;Center-North;2021;2;12;4.1;NA;NA;NA;4;NA
Itaara;29.56;Center-North;2021;2;13;3.7;NA;NA;NA;4.2;NA
Itaara;29.56;Center-North;2021;2;14;3.8;NA;NA;NA;4.1;NA
Itaara;29.56;Center-North;2021;2;15;3.6;NA;NA;NA;3.8;NA
Itaara;29.56;Center-North;2021;2;16;3.8;NA;NA;NA;3.8;NA
Itaara;29.56;Center-North;2021;2;17;3.5;NA;NA;NA;3.7;NA
Itaara;29.56;Center-North;2021;2;18;3.9;NA;NA;NA;3.2;NA
Itaara;29.56;Center-North;2021;2;19;3.5;NA;NA;NA;4;NA
Itaara;29.56;Center-North;2021;2;20;3.5;NA;NA;NA;4.3;NA
Itaara;29.56;Center-North;2021;2;21;3.8;NA;0.0017;0;NA;NA
Itaara;29.56;Center-North;2021;2;22;3.2;NA;0.0018;0;NA;NA
Itaara;29.56;Center-North;2021;2;23;3.4;NA;0.0013;1;NA;NA
Itaara;29.56;Center-North;2021;2;24;3.5;NA;0.001;0;NA;NA
Itaara;29.56;Center-North;2021;2;25;3.3;NA;0.0008;1;NA;NA
Itaara;29.56;Center-North;2021;2;26;3.4;NA;0.0046;0;NA;NA
Itaara;29.56;Center-North;2021;2;27;3;NA;0.0018;0;NA;NA
Itaara;29.56;Center-North;2021;2;28;3.8;NA;0.0005;1;NA;NA
Itaara;29.56;Center-North;2021;2;29;4;NA;0.0014;1;NA;NA
Itaara;29.56;Center-North;2021;2;30;3.6;NA;0.0031;1;NA;NA
Itaara;29.56;Center-North;2021;2;31;3.7;NA;0.0068;0;NA;NA
Itaara;29.56;Center-North;2021;2;32;3.6;NA;0.0019;0;NA;NA
Itaara;29.56;Center-North;2021;2;33;3.7;NA;0.0045;0;NA;NA
Itaara;29.56;Center-North;2021;2;34;3.6;NA;0.0007;1;NA;NA
Itaara;29.56;Center-North;2021;2;35;3.4;NA;0.001;NA;NA;NA
Itaara;29.56;Center-North;2021;2;36;3.6;NA;0.0038;0;NA;NA
Itaara;29.56;Center-North;2021;2;37;3.4;NA;0.0058;0;NA;NA
Itaara;29.56;Center-North;2021;2;38;3.2;NA;0.0029;0;NA;NA
Itaara;29.56;Center-North;2021;2;39;3.8;NA;0.0033;0;NA;NA
Itaara;29.56;Center-North;2021;2;40;3.9;NA;0.0043;0;NA;NA
Itaara;29.56;Center-North;2021;2;41;3.6;NA;0.0015;1;NA;NA
Itaara;29.56;Center-North;2021;2;42;3.4;NA;0.0004;1;NA;NA
Itaara;29.56;Center-North;2021;2;NA;NA;NA;NA;0;NA;NA
Itaara;29.56;Center-North;2021;3;1;3.5;0.075;NA;NA;3.6;0.08
Itaara;29.56;Center-North;2021;3;2;3.9;0.087;NA;NA;3.8;0.104
Itaara;29.56;Center-North;2021;3;3;3.8;0.092;NA;NA;3.3;0.073
Itaara;29.56;Center-North;2021;3;4;3.7;0.094;NA;NA;3.7;0.136
Itaara;29.56;Center-North;2021;3;5;3.7;0.088;NA;NA;3.2;0.144
Itaara;29.56;Center-North;2021;3;6;3.8;0.091;NA;NA;3.8;0.108
Itaara;29.56;Center-North;2021;3;7;3.7;0.058;NA;NA;4.2;0.124
Itaara;29.56;Center-North;2021;3;8;4;0.098;NA;NA;3.4;0.105
Itaara;29.56;Center-North;2021;3;9;3.7;0.085;NA;NA;4.4;0.131
Itaara;29.56;Center-North;2021;3;10;3.7;0.101;NA;NA;4.2;0.182
Itaara;29.56;Center-North;2021;3;11;3.7;0.071;NA;NA;3.6;0.123
Itaara;29.56;Center-North;2021;3;12;3.8;0.064;NA;NA;3.7;0.085
Itaara;29.56;Center-North;2021;3;13;3.6;0.073;NA;NA;4.8;0.12
Itaara;29.56;Center-North;2021;3;14;3.8;0.068;NA;NA;3.7;0.077
Itaara;29.56;Center-North;2021;3;15;3.8;0.097;NA;NA;3.9;0.101
Itaara;29.56;Center-North;2021;3;16;3.4;0.077;NA;NA;3.7;0.061
Itaara;29.56;Center-North;2021;3;17;3.8;0.08;NA;NA;3.7;0.089
Itaara;29.56;Center-North;2021;3;18;3.8;0.079;NA;NA;3.6;0.067
Itaara;29.56;Center-North;2021;3;19;3.7;0.08;NA;NA;3.8;0.094
Itaara;29.56;Center-North;2021;3;20;3.4;0.088;NA;NA;3.2;0.092
Itaara;29.56;Center-North;2021;3;21;3.8;0.085;0.0012;1;NA;NA
Itaara;29.56;Center-North;2021;3;22;3.8;0.09;0.0015;1;NA;NA
Itaara;29.56;Center-North;2021;3;23;3.7;0.076;0.0001;1;NA;NA
Itaara;29.56;Center-North;2021;3;24;3.6;0.084;0.0028;0;NA;NA
Itaara;29.56;Center-North;2021;3;25;3.8;0.078;0.0069;0;NA;NA
Itaara;29.56;Center-North;2021;3;26;4;0.101;0.0037;0;NA;NA
Itaara;29.56;Center-North;2021;3;27;4.8;0.068;0.001;1;NA;NA
Itaara;29.56;Center-North;2021;3;28;3.9;0.092;0.0001;1;NA;NA
Itaara;29.56;Center-North;2021;3;29;3.8;0.072;0.0001;1;NA;NA
Itaara;29.56;Center-North;2021;3;30;3.4;0.05;0.0029;0;NA;NA
Itaara;29.56;Center-North;2021;3;31;3.6;0.084;0.0073;0;NA;NA
Itaara;29.56;Center-North;2021;3;32;3.9;0.101;0.0023;0;NA;NA
Itaara;29.56;Center-North;2021;3;33;3.5;0.06;0;1;NA;NA
Itaara;29.56;Center-North;2021;3;34;3.6;0.079;0.0013;0;NA;NA
Itaara;29.56;Center-North;2021;3;35;3.6;0.079;NA;NA;NA;NA
Itaara;29.56;Center-North;2021;3;36;3.7;0.09;0.0012;0;NA;NA
Itaara;29.56;Center-North;2021;3;37;3.3;0.065;0.009;0;NA;NA
Itaara;29.56;Center-North;2021;3;38;3.7;0.102;0.0094;0;NA;NA
Itaara;29.56;Center-North;2021;3;39;3.7;0.088;0.005;0;NA;NA
Itaara;29.56;Center-North;2021;3;40;4.1;0.075;0;1;NA;NA
Itaara;29.56;Center-North;2021;3;41;3.5;0.062;0.0012;0;NA;NA
Itaara;29.56;Center-North;2021;3;42;3.4;0.086;0.0022;0;NA;NA
Itaara;29.56;Center-North;2021;3;43;3.5;0.085;0.0019;0;NA;NA
Itaara;29.56;Center-North;2021;3;44;3.6;0.086;0.0027;0;NA;NA
Itaara;29.56;Center-North;2021;4;1;4.2;0.066;NA;NA;4.1;0.064
Itaara;29.56;Center-North;2021;4;2;4.5;0.082;NA;NA;4.7;0.115
Itaara;29.56;Center-North;2021;4;3;4.6;0.053;NA;NA;4.6;0.152
Itaara;29.56;Center-North;2021;4;4;4.2;0.063;NA;NA;3.7;0.125
Itaara;29.56;Center-North;2021;4;5;4.6;0.093;NA;NA;4.8;0.079
Itaara;29.56;Center-North;2021;4;6;4.4;0.078;NA;NA;4;0.141
Itaara;29.56;Center-North;2021;4;7;4.1;0.063;NA;NA;4.2;0.085
Itaara;29.56;Center-North;2021;4;8;3.9;0.061;NA;NA;4.6;0.116
Itaara;29.56;Center-North;2021;4;9;3.8;0.062;NA;NA;4;0.097
Itaara;29.56;Center-North;2021;4;10;4.4;0.072;NA;NA;4.6;0.089
Itaara;29.56;Center-North;2021;4;11;4.5;0.09;NA;NA;4.2;0.091
Itaara;29.56;Center-North;2021;4;12;4.3;0.064;NA;NA;4.9;0.144
Itaara;29.56;Center-North;2021;4;13;4.6;0.073;NA;NA;4.1;0.087
Itaara;29.56;Center-North;2021;4;14;4.3;0.083;NA;NA;4;0.083
Itaara;29.56;Center-North;2021;4;15;3.8;0.069;0.0012;1;4.2;0.073
Itaara;29.56;Center-North;2021;4;16;4;0.068;0.003;0;3.8;0.128
Itaara;29.56;Center-North;2021;4;17;3.7;0.073;0.0022;0;4.6;0.129
Itaara;29.56;Center-North;2021;4;18;3.9;0.122;0.0029;0;4.5;0.119
Itaara;29.56;Center-North;2021;4;19;3.5;0.064;0.0031;0;4.7;0.093
Itaara;29.56;Center-North;2021;4;20;4.1;0.08;0.0036;0;4.1;0.118
Itaara;29.56;Center-North;2021;4;21;3.7;0.072;0.0039;0;3.8;0.076
Itaara;29.56;Center-North;2021;4;22;3.8;0.067;NA;NA;NA;NA
Itaara;29.56;Center-North;2021;4;23;4.4;0.084;0.0039;0;NA;NA
Itaara;29.56;Center-North;2021;4;24;4;0.044;0.001;1;NA;NA
Itaara;29.56;Center-North;2021;4;25;4.2;0.064;0.0039;0;NA;NA
Itaara;29.56;Center-North;2021;4;26;4.6;0.082;0.0138;0;NA;NA
Itaara;29.56;Center-North;2021;4;27;3.9;0.07;0.0044;0;NA;NA
Itaara;29.56;Center-North;2021;4;28;4;0.071;0.0021;0;NA;NA
Itaara;29.56;Center-North;2021;4;29;3.7;0.082;0.0032;0;NA;NA
Itaara;29.56;Center-North;2021;4;30;3.8;0.066;0.0006;1;NA;NA
Itaara;29.56;Center-North;2021;4;31;4.2;0.072;0.0003;1;NA;NA
Itaara;29.56;Center-North;2021;4;32;3.4;0.085;NA;NA;NA;NA
Itaara;29.56;Center-North;2022;2;1;4.1;0.07;NA;NA;4.9;0.094
Itaara;29.56;Center-North;2022;2;1;4.3;0.084;NA;NA;4.3;0.088
Itaara;29.56;Center-North;2022;2;2;4.2;0.095;NA;NA;4.6;0.107
Itaara;29.56;Center-North;2022;2;2;4.8;0.092;NA;NA;5;0.177
Itaara;29.56;Center-North;2022;2;3;5;0.079;NA;NA;4.4;0.066
Itaara;29.56;Center-North;2022;2;3;4.5;0.082;NA;NA;4.7;0.082
Itaara;29.56;Center-North;2022;2;4;4.7;0.103;NA;NA;4.7;0.143
Itaara;29.56;Center-North;2022;2;4;4.9;0.113;NA;NA;4.5;0.106
Itaara;29.56;Center-North;2022;2;5;4.3;0.084;NA;NA;4.6;0.139
Itaara;29.56;Center-North;2022;2;5;4.8;0.095;NA;NA;4.2;0.117
Itaara;29.56;Center-North;2022;2;6;4.4;0.076;NA;NA;4.3;0.135
Itaara;29.56;Center-North;2022;2;6;4.5;0.075;NA;NA;4.5;0.087
Itaara;29.56;Center-North;2022;2;7;4.6;0.106;NA;NA;4.9;0.187
Itaara;29.56;Center-North;2022;2;7;5.1;0.095;NA;NA;4.7;0.163
Itaara;29.56;Center-North;2022;2;8;4.5;0.086;NA;NA;3.9;0.068
Itaara;29.56;Center-North;2022;2;8;4.6;0.097;NA;NA;4.2;0.127
Itaara;29.56;Center-North;2022;2;9;4;0.093;NA;NA;4.4;0.159
Itaara;29.56;Center-North;2022;2;9;4.4;0.072;NA;NA;4.3;0.165
Itaara;29.56;Center-North;2022;2;10;4.3;0.083;NA;NA;4.1;0.087
Itaara;29.56;Center-North;2022;2;10;4.9;0.093;NA;NA;4.7;0.127
Itaara;29.56;Center-North;2022;2;11;4.6;0.083;NA;NA;4.6;0.118
Itaara;29.56;Center-North;2022;2;11;4.8;0.099;NA;NA;4.4;0.102
Itaara;29.56;Center-North;2022;2;12;4;0.077;NA;NA;4.9;0.153
Itaara;29.56;Center-North;2022;2;12;4.9;0.097;NA;NA;4.5;0.147
Itaara;29.56;Center-North;2022;2;13;4.6;0.093;NA;NA;3.7;0.068
Itaara;29.56;Center-North;2022;2;13;4.8;0.093;NA;NA;4.1;0.192
Itaara;29.56;Center-North;2022;2;14;4.1;0.098;NA;NA;5;0.148
Itaara;29.56;Center-North;2022;2;14;4.7;0.086;NA;NA;4.9;0.086
Itaara;29.56;Center-North;2022;2;15;4.2;0.084;NA;NA;4.1;0.09
Itaara;29.56;Center-North;2022;2;15;4.7;0.078;NA;NA;4.8;0.097
Itaara;29.56;Center-North;2022;2;16;5;0.103;NA;NA;4.4;0.098
Itaara;29.56;Center-North;2022;2;16;4.9;0.075;NA;NA;5.1;0.204
Itaara;29.56;Center-North;2022;2;17;4;0.088;NA;NA;4.4;0.115
Itaara;29.56;Center-North;2022;2;17;4.9;0.101;NA;NA;4.2;0.14
Itaara;29.56;Center-North;2022;2;18;4.1;0.097;NA;NA;4.6;0.126
Itaara;29.56;Center-North;2022;2;18;4.6;0.08;NA;NA;4.9;0.152
Itaara;29.56;Center-North;2022;2;19;4.1;0.059;NA;NA;4.9;0.136
Itaara;29.56;Center-North;2022;2;19;4.4;0.078;NA;NA;4.3;0.127
Itaara;29.56;Center-North;2022;2;20;4.8;0.09;NA;NA;4.2;0.092
Itaara;29.56;Center-North;2022;2;20;NA;NA;NA;NA;4.2;0.135
Itaara;29.56;Center-North;2022;2;21;4.5;0.107;0.0024;0;NA;NA
Itaara;29.56;Center-North;2022;2;21;4.7;0.076;0.0025;0;NA;NA
Itaara;29.56;Center-North;2022;2;22;4.4;0.07;0.0015;0;NA;NA
Itaara;29.56;Center-North;2022;2;22;4.9;0.099;0.0042;0;NA;NA
Itaara;29.56;Center-North;2022;2;23;5;0.108;0.008;0;NA;NA
Itaara;29.56;Center-North;2022;2;23;4.4;0.072;0.0015;1;NA;NA
Itaara;29.56;Center-North;2022;2;24;4.1;0.071;0.0036;0;NA;NA
Itaara;29.56;Center-North;2022;2;24;4.2;0.069;0.0009;1;NA;NA
Itaara;29.56;Center-North;2022;2;25;5;0.082;0.0014;1;NA;NA
Itaara;29.56;Center-North;2022;2;25;4.1;0.075;0.0035;0;NA;NA
Itaara;29.56;Center-North;2022;2;26;4.5;0.078;0.0004;1;NA;NA
Itaara;29.56;Center-North;2022;2;26;5.2;0.081;0.0001;1;NA;NA
Itaara;29.56;Center-North;2022;2;27;4.7;0.07;0.0008;1;NA;NA
Itaara;29.56;Center-North;2022;2;27;5.1;0.092;0.0031;0;NA;NA
Itaara;29.56;Center-North;2022;2;28;5;0.103;0.0055;0;NA;NA
Itaara;29.56;Center-North;2022;2;28;4.4;0.085;0.004;0;NA;NA
Itaara;29.56;Center-North;2022;2;29;4.5;0.095;0.0029;0;NA;NA
Itaara;29.56;Center-North;2022;2;29;4.9;0.081;0.0026;0;NA;NA
Itaara;29.56;Center-North;2022;2;30;4.2;0.082;0.0015;1;NA;NA
Itaara;29.56;Center-North;2022;2;30;4.3;0.08;0.0016;1;NA;NA
Itaara;29.56;Center-North;2022;2;31;5.1;0.111;0.0052;0;NA;NA
Itaara;29.56;Center-North;2022;2;31;5.1;0.096;0.0023;0;NA;NA
Itaara;29.56;Center-North;2022;2;32;3.8;0.084;0.0043;1;NA;NA
Itaara;29.56;Center-North;2022;2;32;4.1;0.08;0.0028;0;NA;NA
Itaara;29.56;Center-North;2022;2;33;4;0.078;0.0057;1;NA;NA
Itaara;29.56;Center-North;2022;2;33;4.9;0.116;0.003;0;NA;NA
Itaara;29.56;Center-North;2022;2;34;4.1;0.085;0.0033;0;NA;NA
Itaara;29.56;Center-North;2022;2;34;4.1;0.081;0.0018;1;NA;NA
Itaara;29.56;Center-North;2022;2;35;5;0.098;0.0065;0;NA;NA
Itaara;29.56;Center-North;2022;2;35;3.8;0.072;0.0052;0;NA;NA
Itaara;29.56;Center-North;2022;2;36;4.9;0.094;0.0049;0;NA;NA
Itaara;29.56;Center-North;2022;2;36;4.9;0.091;0.0035;0;NA;NA
Itaara;29.56;Center-North;2022;2;37;5;0.123;0.0044;0;NA;NA
Itaara;29.56;Center-North;2022;2;37;4.5;0.086;0.0022;1;NA;NA
Itaara;29.56;Center-North;2022;2;38;4.7;0.089;0.0074;0;NA;NA
Itaara;29.56;Center-North;2022;2;38;4.9;0.067;0.0071;0;NA;NA
Itaara;29.56;Center-North;2022;2;39;5;0.075;0.0061;0;NA;NA
Itaara;29.56;Center-North;2022;2;39;4.4;0.066;0.0017;1;NA;NA
Itaara;29.56;Center-North;2022;2;40;4.6;0.104;0.0043;0;NA;NA
Itaara;29.56;Center-North;2022;2;40;4.6;0.094;0.0011;1;NA;NA
Itaara;29.56;Center-North;2022;2;41;4.4;0.089;0.0013;1;NA;NA
Itaara;29.56;Center-North;2022;2;41;4.8;0.095;0.0022;0;NA;NA
Itaara;29.56;Center-North;2022;2;42;4.7;0.104;0.0055;0;NA;NA
Itaara;29.56;Center-North;2022;2;42;NA;NA;0.003;0;NA;NA
Itaara;29.56;Center-North;2022;2;43;NA;NA;0.0038;0;NA;NA
Itaara;29.56;Center-North;2022;2;44;NA;NA;0.0057;1;NA;NA
Itaara;29.56;Center-North;2022;3;1;4.6;0.093;NA;NA;4.2;0.128
Itaara;29.56;Center-North;2022;3;2;4.4;0.094;NA;NA;4.5;0.098
Itaara;29.56;Center-North;2022;3;3;4.5;0.071;NA;NA;4.5;0.143
Itaara;29.56;Center-North;2022;3;4;4.2;0.09;NA;NA;4;0.152
Itaara;29.56;Center-North;2022;3;5;4.4;0.093;NA;NA;4.3;0.181
Itaara;29.56;Center-North;2022;3;6;4;0.078;NA;NA;4.9;0.19
Itaara;29.56;Center-North;2022;3;7;4.2;0.092;NA;NA;3.9;0.139
Itaara;29.56;Center-North;2022;3;8;4.4;0.082;NA;NA;4.3;0.158
Itaara;29.56;Center-North;2022;3;9;4.2;0.088;NA;NA;4.5;0.177
Itaara;29.56;Center-North;2022;3;10;4.3;0.11;NA;NA;4.3;0.128
Itaara;29.56;Center-North;2022;3;11;4.2;0.078;NA;NA;4.6;0.175
Itaara;29.56;Center-North;2022;3;12;4.1;0.075;NA;NA;4.2;0.123
Itaara;29.56;Center-North;2022;3;13;4.6;0.083;NA;NA;4.4;0.165
Itaara;29.56;Center-North;2022;3;14;4;0.096;NA;NA;4.8;0.133
Itaara;29.56;Center-North;2022;3;15;4.2;0.096;NA;NA;4.5;0.15
Itaara;29.56;Center-North;2022;3;16;4.3;0.114;NA;NA;4.2;0.11
Itaara;29.56;Center-North;2022;3;17;3.6;0.064;NA;NA;4.1;0.126
Itaara;29.56;Center-North;2022;3;18;4.2;0.097;NA;NA;3.8;0.118
Itaara;29.56;Center-North;2022;3;19;4.1;0.106;NA;NA;4.2;0.192
Itaara;29.56;Center-North;2022;3;20;4.4;0.09;NA;NA;4.2;0.118
Itaara;29.56;Center-North;2022;3;21;4;0.086;0.0091;0;NA;NA
Itaara;29.56;Center-North;2022;3;22;4.4;0.086;0.0043;0;NA;NA
Itaara;29.56;Center-North;2022;3;23;3.7;0.081;0.0098;0;NA;NA
Itaara;29.56;Center-North;2022;3;24;4.3;0.088;0.0062;0;NA;NA
Itaara;29.56;Center-North;2022;3;25;3.9;0.113;0.0055;0;NA;NA
Itaara;29.56;Center-North;2022;3;26;3.9;0.107;0.0071;0;NA;NA
Itaara;29.56;Center-North;2022;3;27;3.8;0.094;0.0087;0;NA;NA
Itaara;29.56;Center-North;2022;3;28;3.9;0.089;0.0055;0;NA;NA
Itaara;29.56;Center-North;2022;3;29;4.1;0.086;0.0038;0;NA;NA
Itaara;29.56;Center-North;2022;3;30;3.8;0.085;0.0032;0;NA;NA
Itaara;29.56;Center-North;2022;3;31;4;0.069;0.0052;0;NA;NA
Itaara;29.56;Center-North;2022;3;32;4.2;0.091;0.0343;0;NA;NA
Itaara;29.56;Center-North;2022;3;33;4.5;0.106;0.0082;0;NA;NA
Itaara;29.56;Center-North;2022;3;34;3.8;0.065;0.0051;0;NA;NA
Itaara;29.56;Center-North;2022;3;35;4.2;0.074;0.0064;0;NA;NA
Itaara;29.56;Center-North;2022;3;36;4.3;0.095;0.0031;1;NA;NA
Itaara;29.56;Center-North;2022;3;37;4.1;0.102;0.0026;1;NA;NA
Itaara;29.56;Center-North;2022;3;38;4.2;0.086;0.0027;1;NA;NA
Itaara;29.56;Center-North;2022;3;39;4;0.119;0.0027;1;NA;NA
Itaara;29.56;Center-North;2022;3;40;4.5;0.09;0.0038;1;NA;NA
Lunarejo;31.19;Center-South;2015;1;1;3;0.06;NA;NA;3.5;0.07
Lunarejo;31.19;Center-South;2015;1;2;4;0.1;NA;NA;4;0.08
Lunarejo;31.19;Center-South;2015;1;3;3.5;0.07;NA;NA;3;0.07
Lunarejo;31.19;Center-South;2015;1;4;3;0.09;NA;NA;3;0.09
Lunarejo;31.19;Center-South;2015;1;5;4;0.07;NA;NA;3.5;0.08
Lunarejo;31.19;Center-South;2015;1;6;4;0.07;NA;NA;3.5;0.09
Lunarejo;31.19;Center-South;2015;1;7;3.5;0.06;NA;NA;3.5;0.07
Lunarejo;31.19;Center-South;2015;1;8;4;0.08;NA;NA;3.5;0.08
Lunarejo;31.19;Center-South;2015;1;9;3.5;0.06;NA;NA;4;0.13
Lunarejo;31.19;Center-South;2015;1;10;4;0.08;NA;NA;3.5;0.1
Lunarejo;31.19;Center-South;2015;1;11;4;0.08;NA;NA;4;0.12
Lunarejo;31.19;Center-South;2015;1;12;4;0.1;NA;NA;3.5;0.09
Lunarejo;31.19;Center-South;2015;1;13;4;0.07;NA;NA;4;0.14
Lunarejo;31.19;Center-South;2015;1;14;3;0.05;NA;NA;4;0.15
Lunarejo;31.19;Center-South;2015;1;15;3;0.05;NA;NA;3;0.09
Lunarejo;31.19;Center-South;2015;1;16;3;0.06;NA;NA;3;0.05
Lunarejo;31.19;Center-South;2015;1;17;3.5;0.07;NA;NA;3.5;0.09
Lunarejo;31.19;Center-South;2015;1;18;3;0.05;NA;NA;4;0.15
Lunarejo;31.19;Center-South;2015;1;19;3.5;0.07;NA;NA;4;0.09
Lunarejo;31.19;Center-South;2015;1;20;4;0.09;NA;NA;4;0.14
Lunarejo;31.19;Center-South;2015;1;21;4;0.11;0.0016;1;NA;NA
Lunarejo;31.19;Center-South;2015;1;22;3.5;0.08;0.0013;0;NA;NA
Lunarejo;31.19;Center-South;2015;1;23;4;0.11;0.0041;0;NA;NA
Lunarejo;31.19;Center-South;2015;1;24;4;0.1;0.002;0;NA;NA
Lunarejo;31.19;Center-South;2015;1;25;3.5;0.08;0.0007;1;NA;NA
Lunarejo;31.19;Center-South;2015;1;26;3.5;0.09;0.0019;1;NA;NA
Lunarejo;31.19;Center-South;2015;1;27;3;0.06;0.0001;1;NA;NA
Lunarejo;31.19;Center-South;2015;1;28;3.5;0.09;0.0007;1;NA;NA
Lunarejo;31.19;Center-South;2015;1;29;3;0.09;0.0001;1;NA;NA
Lunarejo;31.19;Center-South;2015;1;30;4;0.09;0.0042;0;NA;NA
Lunarejo;31.19;Center-South;2015;1;31;3.5;0.08;0.002;0;NA;NA
Lunarejo;31.19;Center-South;2015;1;32;3.5;0.06;0.0026;0;NA;NA
Lunarejo;31.19;Center-South;2015;1;33;4;0.08;0.0009;1;NA;NA
Lunarejo;31.19;Center-South;2015;2;1;4.2;0.05;NA;NA;4.6;0.1
Lunarejo;31.19;Center-South;2015;2;2;4.4;0.05;NA;NA;4.1;0.08
Lunarejo;31.19;Center-South;2015;2;3;3.2;0.13;NA;NA;3.5;0.06
Lunarejo;31.19;Center-South;2015;2;4;3.6;0.12;NA;NA;5.1;0.15
Lunarejo;31.19;Center-South;2015;2;5;3.9;0.06;NA;NA;4.1;0.1
Lunarejo;31.19;Center-South;2015;2;6;4.4;0.05;NA;NA;4.5;0.13
Lunarejo;31.19;Center-South;2015;2;7;4.4;0.07;NA;NA;4.7;0.17
Lunarejo;31.19;Center-South;2015;2;8;4.1;0.07;NA;NA;3.9;0.11
Lunarejo;31.19;Center-South;2015;2;9;4.3;0.09;NA;NA;4.3;0.14
Lunarejo;31.19;Center-South;2015;2;10;4.6;0.1;NA;NA;3.3;0.12
Lunarejo;31.19;Center-South;2015;2;11;3.5;0.09;NA;NA;4.4;0.12
Lunarejo;31.19;Center-South;2015;2;12;4.7;0.08;NA;NA;5.1;0.19
Lunarejo;31.19;Center-South;2015;2;13;3.6;0.08;0.0017;1;4.2;0.07
Lunarejo;31.19;Center-South;2015;2;14;4.1;0.05;0.0035;0;4.4;0.14
Lunarejo;31.19;Center-South;2015;2;15;4.2;0.07;0.0006;1;3.9;0.1
Lunarejo;31.19;Center-South;2015;2;16;4.2;0.08;0.0016;1;4.1;0.07
Lunarejo;31.19;Center-South;2015;2;17;4.4;0.07;0.0004;1;4.1;0.09
Lunarejo;31.19;Center-South;2015;2;18;NA;NA;NA;NA;4.8;0.09
Lunarejo;31.19;Center-South;2015;2;19;NA;NA;NA;NA;4.3;0.12
Lunarejo;31.19;Center-South;2015;2;20;NA;NA;NA;NA;5.1;0.17
Lunarejo;31.19;Center-South;2015;3;1;3.6;0.08;NA;NA;3.7;0.12
Lunarejo;31.19;Center-South;2015;3;2;4.1;0.09;NA;NA;4.2;0.04
Lunarejo;31.19;Center-South;2015;3;3;4;0.07;NA;NA;4.2;0.1
Lunarejo;31.19;Center-South;2015;3;4;4.2;0.06;NA;NA;3.7;0.05
Lunarejo;31.19;Center-South;2015;3;5;4;0.07;NA;NA;3.7;0.08
Lunarejo;31.19;Center-South;2015;3;6;4.6;0.08;NA;NA;4.3;0.07
Lunarejo;31.19;Center-South;2015;3;7;3.5;0.04;0.0026;0;4.1;0.12
Lunarejo;31.19;Center-South;2015;3;8;NA;NA;NA;NA;4.1;0.07
Lunarejo;31.19;Center-South;2015;3;9;NA;NA;NA;NA;3.8;0.07
Lunarejo;31.19;Center-South;2015;3;10;NA;NA;NA;NA;3.9;0.1
Lunarejo;31.19;Center-South;2015;3;11;NA;NA;NA;NA;3.6;0.06
Lunarejo;31.19;Center-South;2015;3;12;NA;NA;NA;NA;4.3;0.12
Lunarejo;31.19;Center-South;2015;3;13;NA;NA;NA;NA;4.3;0.08
Lunarejo;31.19;Center-South;2015;3;14;NA;NA;NA;NA;4;0.09
Lunarejo;31.19;Center-South;2015;3;15;NA;NA;NA;NA;4;0.07
Lunarejo;31.19;Center-South;2015;3;16;NA;NA;NA;NA;4.2;0.12
Lunarejo;31.19;Center-South;2015;3;17;NA;NA;NA;NA;3.7;0.07
Lunarejo;31.19;Center-South;2015;3;18;NA;NA;NA;NA;3.6;0.09
Lunarejo;31.19;Center-South;2015;3;19;NA;NA;NA;NA;3.8;0.05
Lunarejo;31.19;Center-South;2015;4;1;4.2;0.06;NA;NA;4.2;0.05
Lunarejo;31.19;Center-South;2015;4;2;3.5;0.05;0.0029;0;4.1;0.08
Lunarejo;31.19;Center-South;2015;4;3;NA;NA;NA;NA;3.6;0.07
Lunarejo;31.19;Center-South;2015;4;4;NA;NA;NA;NA;3.1;0.05
Lunarejo;31.19;Center-South;2015;4;5;NA;NA;NA;NA;4;0.05
Lunarejo;31.19;Center-South;2015;4;6;NA;NA;NA;NA;3.8;0.09
Lunarejo;31.19;Center-South;2015;4;7;NA;NA;NA;NA;4.3;0.09
Lunarejo;31.19;Center-South;2016;1;1;4.2;0.096;NA;NA;4.4;0.112
Lunarejo;31.19;Center-South;2016;1;2;4;0.086;NA;NA;3.9;0.091
Lunarejo;31.19;Center-South;2016;1;3;3.7;0.097;NA;NA;4.2;0.201
Lunarejo;31.19;Center-South;2016;1;4;4;0.113;NA;NA;4.1;0.142
Lunarejo;31.19;Center-South;2016;1;5;3.8;0.061;NA;NA;4.1;0.131
Lunarejo;31.19;Center-South;2016;1;6;3.6;0.063;NA;NA;4.4;0.2
Lunarejo;31.19;Center-South;2016;1;7;4;0.075;NA;NA;3.8;0.158
Lunarejo;31.19;Center-South;2016;1;8;3.5;0.078;NA;NA;4;0.109
Lunarejo;31.19;Center-South;2016;1;9;3.8;0.093;NA;NA;4.1;0.163
Lunarejo;31.19;Center-South;2016;1;10;3.6;0.095;NA;NA;3.6;0.156
Lunarejo;31.19;Center-South;2016;1;11;4.6;0.111;0.0034;0;3.8;0.131
Lunarejo;31.19;Center-South;2016;1;12;3.8;0.067;0.0036;0;4.2;0.146
Lunarejo;31.19;Center-South;2016;1;13;3.9;0.094;0.0049;0;4;0.14
Lunarejo;31.19;Center-South;2016;1;14;3.9;0.085;0.0035;0;4.4;0.101
Lunarejo;31.19;Center-South;2016;1;15;4;0.104;0.0014;1;3.5;0.108
Lunarejo;31.19;Center-South;2016;1;16;4.4;0.103;0.0042;0;4;0.177
Lunarejo;31.19;Center-South;2016;1;17;4;0.08;0.0016;1;4;0.185
Lunarejo;31.19;Center-South;2016;1;18;3.6;0.076;0.0064;0;NA;NA
Lunarejo;31.19;Center-South;2016;1;19;3.8;0.064;0.0022;1;NA;NA
Lunarejo;31.19;Center-South;2016;1;20;3.6;0.074;0.0009;1;NA;NA
Lunarejo;31.19;Center-South;2016;1;21;3.7;0.066;0.0029;0;NA;NA
Lunarejo;31.19;Center-South;2016;1;22;3.4;0.087;0.0035;1;NA;NA
Lunarejo;31.19;Center-South;2016;1;23;3.8;0.08;0.0008;1;NA;NA
Lunarejo;31.19;Center-South;2016;1;24;4.7;0.131;0.0018;1;NA;NA
Lunarejo;31.19;Center-South;2016;1;25;4;0.09;0.0001;1;NA;NA
Lunarejo;31.19;Center-South;2016;1;26;3.6;0.066;0.0008;1;NA;NA
Lunarejo;31.19;Center-South;2016;1;27;3.6;0.086;0.004;0;NA;NA
Lunarejo;31.19;Center-South;2016;1;28;3.6;0.082;0.0016;1;NA;NA
Lunarejo;31.19;Center-South;2016;1;29;4;0.082;0.0029;0;NA;NA
Lunarejo;31.19;Center-South;2016;1;30;4;0.09;0.0036;0;NA;NA
Lunarejo;31.19;Center-South;2016;1;31;3.9;0.096;0.0017;0;NA;NA
Lunarejo;31.19;Center-South;2016;1;32;3.6;0.088;0.0001;1;NA;NA
Lunarejo;31.19;Center-South;2016;1;33;3.6;0.076;0.0019;1;NA;NA
Lunarejo;31.19;Center-South;2016;1;34;3.6;0.083;0.0016;1;NA;NA
Lunarejo;31.19;Center-South;2016;1;35;3.5;0.078;0.0019;1;NA;NA
Lunarejo;31.19;Center-South;2016;1;36;4.3;0.077;0.0014;1;NA;NA
Lunarejo;31.19;Center-South;2016;1;37;3.8;0.086;0.0001;1;NA;NA
Lunarejo;31.19;Center-South;2016;1;38;4.3;0.118;0.0024;0;NA;NA
Lunarejo;31.19;Center-South;2016;1;39;4;0.086;0.002;1;NA;NA
Lunarejo;31.19;Center-South;2016;1;40;4.2;0.089;0.0059;0;NA;NA
Lunarejo;31.19;Center-South;2016;1;41;3.6;0.075;0.0021;1;NA;NA
Lunarejo;31.19;Center-South;2016;1;42;3.6;0.089;0.0005;1;NA;NA
Lunarejo;31.19;Center-South;2016;2;1;4.3;0.09;NA;NA;4;0.106
Lunarejo;31.19;Center-South;2016;2;2;4.5;0.098;NA;NA;4.1;0.164
Lunarejo;31.19;Center-South;2016;2;3;4;0.074;NA;NA;4.7;0.139
Lunarejo;31.19;Center-South;2016;2;4;4.6;0.107;NA;NA;4.1;0.111
Lunarejo;31.19;Center-South;2016;2;5;4.1;0.069;NA;NA;4.5;0.174
Lunarejo;31.19;Center-South;2016;2;6;5;0.08;NA;NA;5.1;0.163
Lunarejo;31.19;Center-South;2016;2;7;4.2;0.082;NA;NA;4.4;0.162
Lunarejo;31.19;Center-South;2016;2;8;4.6;0.084;NA;NA;4.4;0.131
Lunarejo;31.19;Center-South;2016;2;9;4.2;0.095;NA;NA;4.7;0.183
Lunarejo;31.19;Center-South;2016;2;10;5;0.104;NA;NA;4;0.15
Lunarejo;31.19;Center-South;2016;2;11;4;0.079;NA;NA;5;0.179
Lunarejo;31.19;Center-South;2016;2;12;3.9;0.085;NA;NA;4.2;0.129
Lunarejo;31.19;Center-South;2016;2;13;4;0.104;NA;NA;4.3;0.098
Lunarejo;31.19;Center-South;2016;2;14;4.1;0.092;0.002;0;4;0.126
Lunarejo;31.19;Center-South;2016;2;15;4.1;0.102;0.001;1;4.1;0.135
Lunarejo;31.19;Center-South;2016;2;16;4.1;0.093;0.003;0;4.5;0.136
Lunarejo;31.19;Center-South;2016;2;17;4;0.079;0.0006;1;4.7;0.133
Lunarejo;31.19;Center-South;2016;2;18;4.1;0.1;0.0006;1;4;0.087
Lunarejo;31.19;Center-South;2016;2;19;3.6;0.054;0.0025;0;4.1;0.126
Lunarejo;31.19;Center-South;2016;2;20;3.9;0.074;0.0036;0;5;0.161
Lunarejo;31.19;Center-South;2016;2;21;3.8;0.097;0.0013;1;NA;NA
Lunarejo;31.19;Center-South;2016;2;22;4.2;0.086;0.0019;0;NA;NA
Lunarejo;31.19;Center-South;2016;2;23;4.5;0.09;0.0015;1;NA;NA
Lunarejo;31.19;Center-South;2016;2;24;4.1;0.082;0.0026;0;NA;NA
Lunarejo;31.19;Center-South;2016;2;25;4;0.079;0.0008;1;NA;NA
Lunarejo;31.19;Center-South;2016;2;26;3.6;0.073;0.0002;1;NA;NA
Lunarejo;31.19;Center-South;2016;2;27;4.2;0.09;0.0005;1;NA;NA
Lunarejo;31.19;Center-South;2016;2;28;5;0.073;0.0004;1;NA;NA
Lunarejo;31.19;Center-South;2016;2;29;5.6;0.111;0.0014;1;NA;NA
Lunarejo;31.19;Center-South;2016;2;30;5;0.108;0.0009;1;NA;NA
Lunarejo;31.19;Center-South;2016;2;31;4;0.08;0.0031;0;NA;NA
Lunarejo;31.19;Center-South;2016;2;32;3.8;0.077;0.0013;1;NA;NA
Lunarejo;31.19;Center-South;2016;2;33;4.5;0.1;0.001;1;NA;NA
Lunarejo;31.19;Center-South;2016;3;1;4;0.071;NA;NA;3.5;0.137
Lunarejo;31.19;Center-South;2016;3;2;3.6;0.086;NA;NA;4.1;0.07
Lunarejo;31.19;Center-South;2016;3;3;4.3;0.077;NA;NA;3.9;0.08
Lunarejo;31.19;Center-South;2016;3;4;3.7;0.084;NA;NA;4;0.109
Lunarejo;31.19;Center-South;2016;3;5;3.9;0.077;NA;NA;3.9;0.07
Lunarejo;31.19;Center-South;2016;3;6;3.7;0.089;NA;NA;3.7;0.076
Lunarejo;31.19;Center-South;2016;3;7;4;0.098;NA;NA;3.6;0.108
Lunarejo;31.19;Center-South;2016;3;8;3.8;0.056;NA;NA;3.4;0.078
Lunarejo;31.19;Center-South;2016;3;9;3.3;0.06;NA;NA;4.3;0.094
Lunarejo;31.19;Center-South;2016;3;10;4;0.09;0.0005;1;NA;NA
Lunarejo;31.19;Center-South;2016;3;11;3.5;0.058;0.0006;1;NA;NA
Lunarejo;31.19;Center-South;2016;3;12;3.9;0.066;0.0003;1;NA;NA
Lunarejo;31.19;Center-South;2016;3;13;3.7;0.074;0.0043;0;NA;NA
Lunarejo;31.19;Center-South;2016;3;14;4;0.087;0.0023;0;NA;NA
Lunarejo;31.19;Center-South;2016;3;15;3.4;0.076;0.0014;1;NA;NA
Lunarejo;31.19;Center-South;2022;2;1;4.2;0.097;NA;NA;3.9;0.126
Lunarejo;31.19;Center-South;2022;2;1;4.6;0.097;NA;NA;4.6;0.134
Lunarejo;31.19;Center-South;2022;2;2;4.1;0.089;NA;NA;4;0.104
Lunarejo;31.19;Center-South;2022;2;2;4.3;0.08;NA;NA;4.6;0.182
Lunarejo;31.19;Center-South;2022;2;3;4.4;0.088;NA;NA;4.4;0.086
Lunarejo;31.19;Center-South;2022;2;3;4.4;0.105;NA;NA;3.8;0.085
Lunarejo;31.19;Center-South;2022;2;4;3.5;0.157;NA;NA;4.5;0.114
Lunarejo;31.19;Center-South;2022;2;4;4.5;0.122;NA;NA;4.5;0.1
Lunarejo;31.19;Center-South;2022;2;5;3.9;0.079;NA;NA;5;0.135
Lunarejo;31.19;Center-South;2022;2;5;4.1;0.107;NA;NA;3.2;0.065
Lunarejo;31.19;Center-South;2022;2;6;3.6;0.088;NA;NA;4.2;0.125
Lunarejo;31.19;Center-South;2022;2;6;4.4;0.103;NA;NA;4.6;0.138
Lunarejo;31.19;Center-South;2022;2;7;3.5;0.08;NA;NA;4.6;0.199
Lunarejo;31.19;Center-South;2022;2;7;3.9;0.082;NA;NA;4.9;0.14
Lunarejo;31.19;Center-South;2022;2;8;4.3;0.127;NA;NA;4.3;0.157
Lunarejo;31.19;Center-South;2022;2;8;4.7;0.084;NA;NA;4.9;0.116
Lunarejo;31.19;Center-South;2022;2;9;4.1;0.117;NA;NA;4.8;0.167
Lunarejo;31.19;Center-South;2022;2;9;4.6;0.089;NA;NA;5.1;0.159
Lunarejo;31.19;Center-South;2022;2;10;4.2;0.122;NA;NA;3.9;0.107
Lunarejo;31.19;Center-South;2022;2;10;4.7;0.114;NA;NA;4.6;0.149
Lunarejo;31.19;Center-South;2022;2;11;4.1;0.083;NA;NA;4.2;0.15
Lunarejo;31.19;Center-South;2022;2;11;4.8;0.097;NA;NA;4.6;0.113
Lunarejo;31.19;Center-South;2022;2;12;4.2;0.084;NA;NA;4.7;0.138
Lunarejo;31.19;Center-South;2022;2;12;4.4;0.106;NA;NA;4.2;0.132
Lunarejo;31.19;Center-South;2022;2;13;4.3;0.105;NA;NA;5;0.1
Lunarejo;31.19;Center-South;2022;2;13;4.3;0.108;0.0008;1;4.3;0.093
Lunarejo;31.19;Center-South;2022;2;14;3.6;0.083;0.0041;1;4.1;0.112
Lunarejo;31.19;Center-South;2022;2;14;4.7;0.092;NA;NA;4.5;0.129
Lunarejo;31.19;Center-South;2022;2;15;3.9;0.084;0.0078;0;3.8;0.141
Lunarejo;31.19;Center-South;2022;2;15;4.6;0.09;NA;NA;4.3;0.16
Lunarejo;31.19;Center-South;2022;2;16;3.9;0.086;NA;NA;5.3;0.138
Lunarejo;31.19;Center-South;2022;2;16;3.9;0.094;0.0021;1;3.8;0.09
Lunarejo;31.19;Center-South;2022;2;17;5;0.079;NA;NA;4.6;0.114
Lunarejo;31.19;Center-South;2022;2;17;3.6;0.105;0.0013;0;4.1;0.14
Lunarejo;31.19;Center-South;2022;2;18;3.7;0.086;0.0045;0;4;0.119
Lunarejo;31.19;Center-South;2022;2;18;3.8;0.068;0.001;1;4.4;0.104
Lunarejo;31.19;Center-South;2022;2;19;3.9;0.098;0.0031;0;4.9;0.118
Lunarejo;31.19;Center-South;2022;2;19;4.2;0.088;0.0005;1;3.6;0.109
Lunarejo;31.19;Center-South;2022;2;20;4;0.082;0.0034;0;NA;NA
Lunarejo;31.19;Center-South;2022;2;20;4.4;0.075;0.0081;0;4.1;0.108
Lunarejo;31.19;Center-South;2022;2;21;4;0.103;0.0013;1;NA;NA
Lunarejo;31.19;Center-South;2022;2;21;4.5;0.093;0.0122;0;NA;NA
Lunarejo;31.19;Center-South;2022;2;22;3.5;0.076;0.0013;1;NA;NA
Lunarejo;31.19;Center-South;2022;2;22;3.6;0.098;0.0018;1;NA;NA
Lunarejo;31.19;Center-South;2022;2;23;3.5;0.056;0.0019;1;NA;NA
Lunarejo;31.19;Center-South;2022;2;23;3.7;0.083;0.0015;1;NA;NA
Lunarejo;31.19;Center-South;2022;2;24;3.8;0.093;0.0115;0;NA;NA
Lunarejo;31.19;Center-South;2022;2;24;4.9;0.105;0.0017;1;NA;NA
Lunarejo;31.19;Center-South;2022;2;25;3.7;0.085;0.009;0;NA;NA
Lunarejo;31.19;Center-South;2022;2;25;3.9;0.084;0.0027;0;NA;NA
Lunarejo;31.19;Center-South;2022;2;26;3.5;0.069;0.004;0;NA;NA
Lunarejo;31.19;Center-South;2022;2;26;4.6;0.084;0.0021;1;NA;NA
Lunarejo;31.19;Center-South;2022;2;27;3.7;0.072;0.0011;1;NA;NA
Lunarejo;31.19;Center-South;2022;2;27;4.1;0.096;0.0005;1;NA;NA
Lunarejo;31.19;Center-South;2022;2;28;3.8;0.086;0.0026;1;NA;NA
Lunarejo;31.19;Center-South;2022;2;28;4.5;0.096;0.0036;0;NA;NA
Lunarejo;31.19;Center-South;2022;2;29;3.7;0.06;0.0027;1;NA;NA
Lunarejo;31.19;Center-South;2022;2;29;3.8;0.068;0.0044;0;NA;NA
Lunarejo;31.19;Center-South;2022;2;30;3.8;0.083;0.0025;1;NA;NA
Lunarejo;31.19;Center-South;2022;2;30;3.9;0.082;0.0061;0;NA;NA
Lunarejo;31.19;Center-South;2022;2;31;3.7;0.082;0.0049;0;NA;NA
Lunarejo;31.19;Center-South;2022;2;31;4.4;0.091;0.0076;0;NA;NA
Lunarejo;31.19;Center-South;2022;2;32;3.7;0.082;0.0021;1;NA;NA
Lunarejo;31.19;Center-South;2022;2;32;4.3;0.088;0.0005;1;NA;NA
Lunarejo;31.19;Center-South;2022;2;33;3.8;0.084;0.0019;1;NA;NA
Lunarejo;31.19;Center-South;2022;2;33;4.3;0.094;0.0016;0;NA;NA
Lunarejo;31.19;Center-South;2022;2;34;3.6;0.074;0.0014;1;NA;NA
Lunarejo;31.19;Center-South;2022;2;34;3.8;0.077;0.0042;0;NA;NA
Lunarejo;31.19;Center-South;2022;2;35;4.4;0.122;0.0015;1;NA;NA
Lunarejo;31.19;Center-South;2022;2;35;4.7;0.104;0.006;0;NA;NA
Lunarejo;31.19;Center-South;2022;2;36;4;0.101;0.0065;0;NA;NA
Lunarejo;31.19;Center-South;2022;2;36;3.7;0.077;0.0016;1;NA;NA
Lunarejo;31.19;Center-South;2022;2;37;3.8;0.083;0.0016;1;NA;NA
Lunarejo;31.19;Center-South;2022;2;38;4.9;0.083;0.0039;0;NA;NA
Lunarejo;31.19;Center-South;2022;2;39;4.1;0.078;0.0087;0;NA;NA
Lunarejo;31.19;Center-South;2022;2;40;3.7;0.067;0.0036;0;NA;NA
Lunarejo;31.19;Center-South;2022;2;41;3.8;0.075;0.0042;0;NA;NA
Lunarejo;31.19;Center-South;2022;2;42;4.4;0.076;0.0011;1;NA;NA
Lunarejo;31.19;Center-South;2022;2;43;4.9;0.081;0.0013;1;NA;NA
Lunarejo;31.19;Center-South;2022;2;44;3.8;0.073;0.0039;0;NA;NA
Lunarejo;31.19;Center-South;2022;2;45;4.5;0.099;0.0045;0;NA;NA
Lunarejo;31.19;Center-South;2022;2;46;3.6;0.076;0.0044;0;NA;NA
Lunarejo;31.19;Center-South;2022;2;47;4.6;0.08;0.0015;1;NA;NA
Lunarejo;31.19;Center-South;2022;2;48;4.3;0.081;0.0009;1;NA;NA
Lunarejo;31.19;Center-South;2022;2;49;4.5;0.096;0.0021;1;NA;NA
Lunarejo;31.19;Center-South;2022;2;50;4.1;0.09;0.0026;1;NA;NA
Lunarejo;31.19;Center-South;2022;2;51;5;0.111;0.0066;0;NA;NA
Lunarejo;31.19;Center-South;2022;2;52;4.5;0.108;0.0039;0;NA;NA
Lunarejo;31.19;Center-South;2022;2;53;4.4;0.086;0.003;1;NA;NA
Lunarejo;31.19;Center-South;2022;2;54;4.5;0.096;0.0088;0;NA;NA
Lunarejo;31.19;Center-South;2022;2;55;4.8;0.084;0.002;1;NA;NA
Lunarejo;31.19;Center-South;2022;2;56;4.4;0.092;0.0025;1;NA;NA
Lunarejo;31.19;Center-South;2022;2;57;4;0.076;0.0064;0;NA;NA
Lunarejo;31.19;Center-South;2022;2;58;NA;NA;0.0091;0;NA;NA
Queguay;32.18;Center-South;2015;1;1;3;0.05;NA;NA;3.5;0.1
Queguay;32.18;Center-South;2015;1;2;3;0.06;NA;NA;3.5;0.1
Queguay;32.18;Center-South;2015;1;3;3.5;0.07;NA;NA;4;0.07
Queguay;32.18;Center-South;2015;1;4;3;0.08;NA;NA;4;0.1
Queguay;32.18;Center-South;2015;1;5;3.5;0.08;NA;NA;3;0.09
Queguay;32.18;Center-South;2015;1;6;3.5;0.06;NA;NA;3;0.06
Queguay;32.18;Center-South;2015;1;7;3.5;0.08;NA;NA;4;0.12
Queguay;32.18;Center-South;2015;1;8;3.5;0.1;NA;NA;3.5;0.06
Queguay;32.18;Center-South;2015;1;9;4;0.06;NA;NA;4;0.07
Queguay;32.18;Center-South;2015;1;10;4;0.07;NA;NA;3;0.07
Queguay;32.18;Center-South;2015;1;11;3.5;0.07;NA;NA;3.5;0.07
Queguay;32.18;Center-South;2015;1;12;4;0.07;NA;NA;4;0.1
Queguay;32.18;Center-South;2015;1;13;3;0.06;NA;NA;3.5;0.11
Queguay;32.18;Center-South;2015;1;14;3;0.07;NA;NA;3;0.05
Queguay;32.18;Center-South;2015;1;15;3;0.07;NA;NA;3.5;0.1
Queguay;32.18;Center-South;2015;1;16;3;0.06;NA;NA;4;0.08
Queguay;32.18;Center-South;2015;1;17;3.5;0.06;NA;NA;3.5;0.09
Queguay;32.18;Center-South;2015;1;18;3;0.06;NA;NA;4;0.09
Queguay;32.18;Center-South;2015;1;19;4;0.08;NA;NA;3.5;0.06
Queguay;32.18;Center-South;2015;1;20;4;0.08;NA;NA;3;0.06
Queguay;32.18;Center-South;2015;2;1;3.5;0.11;NA;NA;3.8;0.13
Queguay;32.18;Center-South;2015;2;2;3.8;0.08;NA;NA;3.2;0.08
Queguay;32.18;Center-South;2015;2;3;3.7;0.07;NA;NA;3.4;0.07
Queguay;32.18;Center-South;2015;2;4;3.8;0.06;NA;NA;4.2;0.11
Queguay;32.18;Center-South;2015;2;5;3.6;0.07;NA;NA;4.4;0.15
Queguay;32.18;Center-South;2015;2;6;4.2;0.08;NA;NA;4.1;0.12
Queguay;32.18;Center-South;2015;2;7;3.5;0.09;NA;NA;4.2;0.09
Queguay;32.18;Center-South;2015;2;8;3.5;0.06;NA;NA;4.2;0.06
Queguay;32.18;Center-South;2015;2;9;4;0.06;NA;NA;3.6;0.08
Queguay;32.18;Center-South;2015;2;10;4.8;0.06;NA;NA;4;0.16
Queguay;32.18;Center-South;2015;2;11;4.8;0.07;NA;NA;3.5;0.13
Queguay;32.18;Center-South;2015;2;12;3.4;0.08;NA;NA;4.4;0.2
Queguay;32.18;Center-South;2015;2;13;4.1;0.09;NA;NA;4.1;0.16
Queguay;32.18;Center-South;2015;2;14;4.1;0.13;NA;NA;3.5;0.14
Queguay;32.18;Center-South;2015;2;15;3.8;0.07;NA;NA;4.2;0.19
Queguay;32.18;Center-South;2015;2;16;3.8;0.08;NA;NA;3.9;0.1
Queguay;32.18;Center-South;2015;2;17;3.6;0.05;NA;NA;4.1;0.08
Queguay;32.18;Center-South;2015;2;18;4;0.07;NA;NA;3.9;0.08
Queguay;32.18;Center-South;2015;2;19;3.6;0.06;NA;NA;3.6;0.06
Queguay;32.18;Center-South;2015;2;20;3.6;0.05;NA;NA;3.6;0.09
Queguay;32.18;Center-South;2015;2;21;3.8;0.05;NA;NA;NA;NA
Queguay;32.18;Center-South;2015;2;22;3.8;0.06;0.0007;1;NA;NA
Queguay;32.18;Center-South;2015;2;23;4.2;0.06;0.0019;1;NA;NA
Queguay;32.18;Center-South;2015;2;24;3.8;0.06;0.0005;1;NA;NA
Queguay;32.18;Center-South;2015;2;25;3.9;0.06;0.0006;1;NA;NA
Queguay;32.18;Center-South;2015;2;26;3.8;0.06;0.0007;1;NA;NA
Queguay;32.18;Center-South;2015;2;27;3.6;0.07;0.001;1;NA;NA
Queguay;32.18;Center-South;2015;3;1;3.8;0.08;NA;NA;3.6;0.07
Queguay;32.18;Center-South;2015;3;2;3.5;0.07;NA;NA;3.5;0.04
Queguay;32.18;Center-South;2015;3;3;3.2;0.08;NA;NA;4.1;0.12
Queguay;32.18;Center-South;2015;3;4;3.4;0.05;NA;NA;3.9;0.06
Queguay;32.18;Center-South;2015;3;5;3.4;0.06;NA;NA;3.8;0.1
Queguay;32.18;Center-South;2015;3;6;3.4;0.07;NA;NA;3.5;0.06
Queguay;32.18;Center-South;2015;3;7;3.5;0.07;NA;NA;4.1;0.12
Queguay;32.18;Center-South;2015;3;8;3.7;0.05;NA;NA;3.4;0.08
Queguay;32.18;Center-South;2015;3;9;3.9;0.09;NA;NA;NA;NA
Queguay;32.18;Center-South;2015;3;10;3.6;0.05;NA;NA;NA;NA
Queguay;32.18;Center-South;2015;3;11;3.5;0.07;NA;NA;NA;NA
Queguay;32.18;Center-South;2015;3;12;3.8;0.05;0.0012;1;NA;NA
Queguay;32.18;Center-South;2015;3;13;4;0.06;0.0013;1;NA;NA
Queguay;32.18;Center-South;2015;3;14;3.4;0.05;0.0006;1;NA;NA
Queguay;32.18;Center-South;2015;3;15;3.9;0.06;0.0005;1;NA;NA
Queguay;32.18;Center-South;2016;1;1;3.8;0.063;NA;NA;4;0.191
Queguay;32.18;Center-South;2016;1;2;3.8;0.072;NA;NA;4;0.082
Queguay;32.18;Center-South;2016;1;3;3.9;0.075;NA;NA;3.2;0.086
Queguay;32.18;Center-South;2016;1;4;4;0.067;NA;NA;4;0.072
Queguay;32.18;Center-South;2016;1;5;3.5;0.082;NA;NA;4.1;0.123
Queguay;32.18;Center-South;2016;1;6;3.6;0.071;NA;NA;4.4;0.064
Queguay;32.18;Center-South;2016;1;7;4;0.071;NA;NA;4.4;0.106
Queguay;32.18;Center-South;2016;1;8;4;0.077;NA;NA;4.2;0.104
Queguay;32.18;Center-South;2016;1;9;3.6;0.078;NA;NA;3.6;0.094
Queguay;32.18;Center-South;2016;1;10;3.8;0.091;NA;NA;3.9;0.096
Queguay;32.18;Center-South;2016;1;11;3.8;0.092;NA;NA;4.3;0.127
Queguay;32.18;Center-South;2016;1;12;4;0.059;NA;NA;3.9;0.118
Queguay;32.18;Center-South;2016;1;13;3.6;0.058;NA;NA;4.9;0.161
Queguay;32.18;Center-South;2016;1;14;3.9;0.07;NA;NA;3.5;0.086
Queguay;32.18;Center-South;2016;1;15;4.4;0.072;NA;NA;3.6;0.1
Queguay;32.18;Center-South;2016;1;16;4.2;0.076;NA;NA;3.8;0.121
Queguay;32.18;Center-South;2016;1;17;3.8;0.07;NA;NA;3.7;0.082
Queguay;32.18;Center-South;2016;1;18;3.7;0.063;NA;NA;4;0.138
Queguay;32.18;Center-South;2016;1;19;3.6;0.078;NA;NA;4.2;0.156
Queguay;32.18;Center-South;2016;1;20;4.1;0.087;NA;NA;3.6;0.113
Queguay;32.18;Center-South;2016;1;21;3.6;0.086;0.0008;1;NA;NA
Queguay;32.18;Center-South;2016;1;22;3.5;0.063;0.0011;1;NA;NA
Queguay;32.18;Center-South;2016;1;23;3.8;0.082;0.0017;0;NA;NA
Queguay;32.18;Center-South;2016;1;24;3.7;0.073;0.0017;1;NA;NA
Queguay;32.18;Center-South;2016;1;25;3.4;0.079;0.0004;1;NA;NA
Queguay;32.18;Center-South;2016;1;26;3.6;0.091;0.0012;1;NA;NA
Queguay;32.18;Center-South;2016;1;27;3.8;0.058;0.0007;1;NA;NA
Queguay;32.18;Center-South;2016;1;28;4;0.14;0.0014;1;NA;NA
Queguay;32.18;Center-South;2016;1;29;4;0.073;0.0004;1;NA;NA
Queguay;32.18;Center-South;2016;1;30;3.3;0.07;0.0004;1;NA;NA
Queguay;32.18;Center-South;2016;1;31;3.6;0.077;0.0003;1;NA;NA
Queguay;32.18;Center-South;2016;1;32;4;0.098;0.0006;1;NA;NA
Queguay;32.18;Center-South;2016;2;1;3.9;0.069;NA;NA;3.9;0.131
Queguay;32.18;Center-South;2016;2;2;4.1;0.072;NA;NA;3.6;0.079
Queguay;32.18;Center-South;2016;2;3;4;0.089;NA;NA;3.5;0.088
Queguay;32.18;Center-South;2016;2;4;3.6;0.067;NA;NA;3.5;0.052
Queguay;32.18;Center-South;2016;2;5;4.6;0.089;NA;NA;3.6;0.056
Queguay;32.18;Center-South;2016;2;6;4;0.067;NA;NA;4.1;0.122
Queguay;32.18;Center-South;2016;2;7;4.1;0.083;NA;NA;4;0.1
Queguay;32.18;Center-South;2016;2;8;3.6;0.054;NA;NA;4;0.1
Queguay;32.18;Center-South;2016;2;9;4.1;0.08;NA;NA;3.6;0.097
Queguay;32.18;Center-South;2016;2;10;4.4;0.065;NA;NA;4;0.094
Queguay;32.18;Center-South;2016;2;11;3.5;0.058;NA;NA;3.7;0.06
Queguay;32.18;Center-South;2016;2;12;3.9;0.073;NA;NA;4;0.072
Queguay;32.18;Center-South;2016;2;13;3.7;0.071;0.0009;1;4;0.125
Queguay;32.18;Center-South;2016;2;14;4.1;0.07;0.0002;1;3.8;0.095
Queguay;32.18;Center-South;2016;2;15;4;0.07;0.001;1;3.6;0.075
Queguay;32.18;Center-South;2016;2;16;3.9;0.07;0.0007;1;4.1;0.088
Queguay;32.18;Center-South;2016;2;17;4.2;0.07;0.0001;1;4;0.113
Queguay;32.18;Center-South;2016;2;18;4.2;0.069;0.0001;1;3.8;0.064
Queguay;32.18;Center-South;2016;2;19;3.6;0.057;0.0017;0;3.4;0.061
Queguay;32.18;Center-South;2016;2;20;3.6;0.052;0.0006;1;4;0.123
Queguay;32.18;Center-South;2016;2;21;3.8;0.058;0.0006;1;NA;NA
Queguay;32.18;Center-South;2016;2;22;4;0.086;0.0003;1;NA;NA
Queguay;32.18;Center-South;2016;2;23;4.2;0.074;0.0005;1;NA;NA
Queguay;32.18;Center-South;2016;2;24;3.9;0.067;0.0006;1;NA;NA
Queguay;32.18;Center-South;2016;2;25;3.6;0.08;0.0008;1;NA;NA
Queguay;32.18;Center-South;2016;2;26;3.4;0.079;0.0014;1;NA;NA
Queguay;32.18;Center-South;2016;2;27;4.4;0.076;0.0011;1;NA;NA
Queguay;32.18;Center-South;2016;2;28;4;0.065;0.0011;0;NA;NA
Queguay;32.18;Center-South;2016;2;29;4.2;0.055;0.0016;1;NA;NA
Queguay;32.18;Center-South;2016;2;30;3.5;0.064;0.0011;1;NA;NA
Queguay;32.18;Center-South;2016;2;31;4.4;0.084;0.0013;1;NA;NA
Queguay;32.18;Center-South;2016;2;32;3.6;0.061;0.0001;1;NA;NA
Queguay;32.18;Center-South;2016;3;1;4;0.062;NA;NA;4;0.086
Queguay;32.18;Center-South;2016;3;2;4;0.064;NA;NA;3.9;0.064
Queguay;32.18;Center-South;2016;3;3;3.7;0.058;NA;NA;4;0.136
Queguay;32.18;Center-South;2016;3;4;3.4;0.09;NA;NA;3.8;0.066
Queguay;32.18;Center-South;2016;3;5;3.5;0.081;NA;NA;4;0.115
Queguay;32.18;Center-South;2016;3;6;4;0.077;NA;NA;3.6;0.09
Queguay;32.18;Center-South;2016;3;7;3.8;0.074;NA;NA;3.7;0.061
Queguay;32.18;Center-South;2016;3;8;3.7;0.053;NA;NA;3.6;0.071
Queguay;32.18;Center-South;2016;3;9;4.2;0.064;NA;NA;4.3;0.091
Queguay;32.18;Center-South;2016;3;10;3.6;0.053;NA;NA;3.5;0.051
Queguay;32.18;Center-South;2016;3;11;3.9;0.046;NA;NA;3.8;0.091
Queguay;32.18;Center-South;2016;3;12;3.6;0.05;NA;NA;3.7;0.105
Queguay;32.18;Center-South;2016;3;13;3.8;0.063;NA;NA;3.5;0.063
Queguay;32.18;Center-South;2016;3;14;4.1;0.063;NA;NA;4.1;0.083
Queguay;32.18;Center-South;2016;3;15;4;0.065;NA;NA;3.8;0.099
Queguay;32.18;Center-South;2016;3;16;3.4;0.055;NA;NA;3.5;0.098
Queguay;32.18;Center-South;2016;3;17;3.5;0.062;NA;NA;3.9;0.068
Queguay;32.18;Center-South;2016;3;18;3.8;0.065;NA;NA;4;0.103
Queguay;32.18;Center-South;2016;3;19;3.8;0.063;NA;NA;3.4;0.074
Queguay;32.18;Center-South;2016;3;20;4;0.077;NA;NA;NA;NA
Queguay;32.18;Center-South;2016;3;21;3.9;0.071;0.0008;1;NA;NA
Queguay;32.18;Center-South;2016;3;22;3.6;0.062;0.0006;1;NA;NA
Queguay;32.18;Center-South;2016;3;23;3.6;0.056;0.0023;1;NA;NA
Queguay;32.18;Center-South;2016;3;24;4;0.069;0.0015;1;NA;NA
Queguay;32.18;Center-South;2016;3;25;3.8;0.08;0.0015;1;NA;NA
Queguay;32.18;Center-South;2016;3;26;3.4;0.047;0.0006;1;NA;NA
Queguay;32.18;Center-South;2016;3;27;3.8;0.062;0.0008;1;NA;NA
Queguay;32.18;Center-South;2016;3;28;3.9;0.068;0.0007;1;NA;NA
Queguay;32.18;Center-South;2016;3;29;3.7;0.074;0.0008;1;NA;NA
Queguay;32.18;Center-South;2016;3;30;4.4;0.093;0.0011;1;NA;NA
Queguay;32.18;Center-South;2016;4;1;3.6;0.063;NA;NA;3.8;0.125
Queguay;32.18;Center-South;2016;4;2;3.8;0.053;NA;NA;4.7;0.066
Queguay;32.18;Center-South;2016;4;3;3.8;0.064;NA;NA;3.6;0.074
Queguay;32.18;Center-South;2016;4;4;3.5;0.048;NA;NA;3.8;0.124
Queguay;32.18;Center-South;2016;4;5;3.7;0.056;NA;NA;3.5;0.073
Queguay;32.18;Center-South;2016;4;6;3.6;0.055;NA;NA;3.8;0.055
Queguay;32.18;Center-South;2016;4;7;3.6;0.05;NA;NA;3.7;0.101
Queguay;32.18;Center-South;2016;4;8;4;0.067;NA;NA;4;0.1
Queguay;32.18;Center-South;2022;2;1;3.5;0.072;NA;NA;4;0.106
Queguay;32.18;Center-South;2022;2;2;3.6;0.068;NA;NA;4;0.095
Queguay;32.18;Center-South;2022;2;3;3.6;0.071;NA;NA;4.6;0.147
Queguay;32.18;Center-South;2022;2;4;3.5;0.06;NA;NA;4;0.134
Queguay;32.18;Center-South;2022;2;5;3.5;0.078;NA;NA;3.8;0.136
Queguay;32.18;Center-South;2022;2;6;3.5;0.082;NA;NA;3.6;0.08
Queguay;32.18;Center-South;2022;2;7;3.6;0.066;NA;NA;4;0.115
Queguay;32.18;Center-South;2022;2;8;3.4;0.071;NA;NA;3.8;0.065
Queguay;32.18;Center-South;2022;2;9;3.8;0.064;NA;NA;3.1;0.082
Queguay;32.18;Center-South;2022;2;10;3.6;0.084;NA;NA;4.1;0.139
Queguay;32.18;Center-South;2022;2;11;3.7;0.056;NA;NA;3.8;0.065
Queguay;32.18;Center-South;2022;2;12;3.6;0.086;NA;NA;3.9;0.134
Queguay;32.18;Center-South;2022;2;13;3.4;0.078;NA;NA;4;0.114
Queguay;32.18;Center-South;2022;2;14;4;0.089;NA;NA;3.4;0.07
Queguay;32.18;Center-South;2022;2;15;3.8;0.092;NA;NA;4.1;0.094
Queguay;32.18;Center-South;2022;2;16;4.1;0.087;NA;NA;3.8;0.109
Queguay;32.18;Center-South;2022;2;17;4.6;0.081;NA;NA;4;0.161
Queguay;32.18;Center-South;2022;2;18;3.8;0.103;NA;NA;3.7;0.074
Queguay;32.18;Center-South;2022;2;19;3.2;0.083;0.0018;1;3.6;0.073
Queguay;32.18;Center-South;2022;2;20;3.9;0.08;0.0061;0;3.9;0.076
Queguay;32.18;Center-South;2022;2;21;4;0.063;0.002;1;NA;NA
Queguay;32.18;Center-South;2022;2;22;4.4;0.062;0.0041;0;NA;NA
Queguay;32.18;Center-South;2022;2;23;3.7;0.062;0.0029;0;NA;NA
Queguay;32.18;Center-South;2022;2;24;3.4;0.063;0.0006;1;NA;NA
Queguay;32.18;Center-South;2022;2;25;3.8;0.063;0.001;1;NA;NA
Queguay;32.18;Center-South;2022;2;26;4;0.077;0.0011;0;NA;NA
Queguay;32.18;Center-South;2022;2;27;3.7;0.072;0.0023;0;NA;NA
Queguay;32.18;Center-South;2022;2;28;3.5;0.052;0.0013;1;NA;NA
Queguay;32.18;Center-South;2022;2;29;3.2;0.054;0.0006;1;NA;NA
Queguay;32.18;Center-South;2022;2;30;3.6;0.058;0.0011;1;NA;NA
Queguay;32.18;Center-South;2022;2;31;3.5;0.068;0.0009;1;NA;NA
Queguay;32.18;Center-South;2022;2;32;3.4;0.075;0.0007;1;NA;NA
Queguay;32.18;Center-South;2022;2;33;3.8;0.06;0.0024;0;NA;NA
Queguay;32.18;Center-South;2022;2;34;3.2;0.057;0.0003;1;NA;NA
Queguay;32.18;Center-South;2022;2;35;3.6;0.069;0.0011;1;NA;NA
Queguay;32.18;Center-South;2022;2;36;3.6;0.062;0.0019;1;NA;NA
Queguay;32.18;Center-South;2022;2;37;4.1;0.082;0.0012;1;NA;NA
Queguay;32.18;Center-South;2022;2;38;3.9;0.088;0.0033;0;NA;NA
Queguay;32.18;Center-South;2022;2;39;4;0.095;0.0019;1;NA;NA
Queguay;32.18;Center-South;2022;2;40;3.3;0.067;0.0018;1;NA;NA
Queguay;32.18;Center-South;2022;2;41;3.4;0.07;0.0015;1;NA;NA
Queguay;32.18;Center-South;2022;2;42;3.8;0.082;0.0055;0;NA;NA
Queguay;32.18;Center-South;2022;2;43;3.5;0.054;0.0022;1;NA;NA
Queguay;32.18;Center-South;2022;2;44;3.2;0.055;0.001;1;NA;NA
Queguay;32.18;Center-South;2022;2;45;3.5;0.088;0.0011;1;NA;NA
Queguay;32.18;Center-South;2022;2;46;3.3;0.061;0.0011;1;NA;NA
Queguay;32.18;Center-South;2022;2;47;3.5;0.067;0.0049;0;NA;NA
Queguay;32.18;Center-South;2022;2;48;3.5;0.058;0.0012;0;NA;NA
Queguay;32.18;Center-South;2022;2;49;3.8;0.085;0.0019;1;NA;NA
Queguay;32.18;Center-South;2022;2;50;3.7;0.06;0.0006;1;NA;NA
Queguay;32.18;Center-South;2022;2;51;3.6;0.057;0.0004;1;NA;NA
Queguay;32.18;Center-South;2022;2;52;3.5;0.07;0.001;1;NA;NA
Queguay;32.18;Center-South;2022;2;53;3.4;0.096;0.0008;1;NA;NA
Queguay;32.18;Center-South;2022;2;54;3.4;0.064;0.0019;1;NA;NA
Queguay;32.18;Center-South;2022;2;55;NA;NA;0.0026;0;NA;NA
Queguay;32.18;Center-South;2022;3;1;3.4;0.045;NA;NA;3.8;0.095
Queguay;32.18;Center-South;2022;3;2;3.4;0.065;NA;NA;3.6;0.088
Queguay;32.18;Center-South;2022;3;3;3.8;0.078;NA;NA;3.9;0.111
Queguay;32.18;Center-South;2022;3;4;3.9;0.097;NA;NA;4;0.11
Queguay;32.18;Center-South;2022;3;5;3.2;0.054;NA;NA;3.8;0.102
Queguay;32.18;Center-South;2022;3;6;3.6;0.064;NA;NA;3.6;0.098
Queguay;32.18;Center-South;2022;3;7;4.2;0.062;NA;NA;3.4;0.12
Queguay;32.18;Center-South;2022;3;8;4;0.089;NA;NA;3.9;0.107
Queguay;32.18;Center-South;2022;3;9;3.1;0.072;NA;NA;4;0.123
Queguay;32.18;Center-South;2022;3;10;3.6;0.087;NA;NA;3.5;0.152
Queguay;32.18;Center-South;2022;3;11;3.6;0.073;NA;NA;3.6;0.117
Queguay;32.18;Center-South;2022;3;12;3.4;0.054;NA;NA;4;0.125
Queguay;32.18;Center-South;2022;3;13;3.5;0.07;NA;NA;3.4;0.113
Queguay;32.18;Center-South;2022;3;14;3.9;0.087;NA;NA;3.6;0.111
Queguay;32.18;Center-South;2022;3;15;4;0.089;NA;NA;4.1;0.148
Queguay;32.18;Center-South;2022;3;16;3.6;0.073;NA;NA;4.2;0.148
Queguay;32.18;Center-South;2022;3;17;3.5;0.082;NA;NA;4.1;0.108
Queguay;32.18;Center-South;2022;3;18;3.6;0.067;NA;NA;4;0.1
Queguay;32.18;Center-South;2022;3;19;3.7;0.082;NA;NA;4.2;0.094
Queguay;32.18;Center-South;2022;3;20;3.9;0.1;NA;NA;3.9;0.138
Queguay;32.18;Center-South;2022;3;21;3.4;0.061;0.0022;1;NA;NA
Queguay;32.18;Center-South;2022;3;22;3.5;0.073;0.0021;1;NA;NA
Queguay;32.18;Center-South;2022;3;23;3.8;0.074;0.0003;1;NA;NA
Queguay;32.18;Center-South;2022;3;24;3.2;0.072;0.0012;1;NA;NA
Queguay;32.18;Center-South;2022;3;25;3.4;0.066;0.0039;1;NA;NA
Queguay;32.18;Center-South;2022;3;26;3.5;0.061;0.0022;1;NA;NA
Queguay;32.18;Center-South;2022;3;27;3.8;0.071;0.0013;1;NA;NA
Queguay;32.18;Center-South;2022;3;28;4;0.081;0.0045;0;NA;NA
Queguay;32.18;Center-South;2022;3;29;3.6;0.072;0.0028;0;NA;NA
Queguay;32.18;Center-South;2022;3;30;3.4;0.055;0.0042;0;NA;NA
Queguay;32.18;Center-South;2022;3;31;3.8;0.068;0.005;0;NA;NA
Queguay;32.18;Center-South;2022;3;32;3.5;0.066;0.0004;1;NA;NA
Queguay;32.18;Center-South;2022;3;33;3.6;0.082;0.001;1;NA;NA
Queguay;32.18;Center-South;2022;3;34;3.7;0.081;0.0008;1;NA;NA
Queguay;32.18;Center-South;2022;3;35;NA;NA;0.0018;0;NA;NA
Minas;34.28;South;2015;1;1;4;0.06;NA;NA;3.5;0.06
Minas;34.28;South;2015;1;2;3.5;0.08;NA;NA;5;0.15
Minas;34.28;South;2015;1;3;4;0.1;NA;NA;5;0.1
Minas;34.28;South;2015;1;4;4;0.12;NA;NA;3.5;0.12
Minas;34.28;South;2015;1;5;4;0.09;NA;NA;5;0.12
Minas;34.28;South;2015;1;6;4.5;0.11;NA;NA;4;0.1
Minas;34.28;South;2015;1;7;5;0.13;NA;NA;5;0.11
Minas;34.28;South;2015;1;8;4.1;0.09;NA;NA;5;0.07
Minas;34.28;South;2015;1;9;4.5;0.08;NA;NA;4.5;0.14
Minas;34.28;South;2015;1;10;4.5;0.13;NA;NA;5;0.18
Minas;34.28;South;2015;1;11;3;0.05;NA;NA;5;0.12
Minas;34.28;South;2015;1;12;4;0.06;NA;NA;4;0.1
Minas;34.28;South;2015;1;13;4.5;0.12;NA;NA;NA;NA
Minas;34.28;South;2015;1;14;4;0.12;NA;NA;NA;NA
Minas;34.28;South;2015;1;15;5;0.15;NA;NA;NA;NA
Minas;34.28;South;2015;1;16;4.5;0.13;NA;NA;NA;NA
Minas;34.28;South;2015;1;17;4;0.08;NA;NA;NA;NA
Minas;34.28;South;2015;2;1;4.8;0.11;NA;NA;3.5;0.13
Minas;34.28;South;2015;2;2;3.1;0.12;NA;NA;3.2;0.11
Minas;34.28;South;2015;2;3;4.2;0.12;NA;NA;5.9;0.16
Minas;34.28;South;2015;2;4;5.4;0.13;NA;NA;5.9;0.15
Minas;34.28;South;2015;2;5;4.4;0.09;NA;NA;4.8;0.12
Minas;34.28;South;2015;2;6;5.8;0.13;NA;NA;4.4;0.17
Minas;34.28;South;2015;2;7;4.4;0.1;NA;NA;4.4;0.18
Minas;34.28;South;2015;2;8;3.8;0.1;NA;NA;4.1;0.1
Minas;34.28;South;2015;2;9;4.5;0.15;NA;NA;4.5;0.14
Minas;34.28;South;2015;2;10;4.4;0.15;NA;NA;5.9;0.22
Minas;34.28;South;2015;2;11;3.8;0.13;NA;NA;3.8;0.11
Minas;34.28;South;2015;2;12;3.7;0.09;NA;NA;4.4;0.25
Minas;34.28;South;2015;2;13;4.7;0.18;NA;NA;4.9;0.21
Minas;34.28;South;2015;2;14;4.8;0.15;NA;NA;3.2;0.14
Minas;34.28;South;2015;2;15;4.2;0.14;NA;NA;3.8;0.16
Minas;34.28;South;2015;2;16;4.8;0.12;NA;NA;4.6;0.16
Minas;34.28;South;2015;2;17;4.6;0.16;NA;NA;4.3;0.17
Minas;34.28;South;2015;2;18;5.9;0.19;NA;NA;4.6;0.12
Minas;34.28;South;2015;2;19;3.6;0.06;NA;NA;5.9;0.2
Minas;34.28;South;2015;2;20;3.6;0.08;0.0068;0;4.6;0.13
Minas;34.28;South;2015;2;21;4.8;0.07;0.0048;0;NA;NA
Minas;34.28;South;2015;2;22;4.4;0.06;0.0044;1;NA;NA
Minas;34.28;South;2015;2;23;4.5;0.07;NA;NA;NA;NA
Minas;34.28;South;2015;2;24;4.2;0.1;0.0016;1;NA;NA
Minas;34.28;South;2015;2;25;4.7;0.09;0.0031;1;NA;NA
Minas;34.28;South;2015;2;26;4.9;0.12;0.0029;0;NA;NA
Minas;34.28;South;2015;2;27;4.2;0.09;0.0046;0;NA;NA
Minas;34.28;South;2015;2;28;4.4;0.07;0.0037;1;NA;NA
Minas;34.28;South;2015;2;29;4.4;0.1;0.0107;0;NA;NA
Minas;34.28;South;2015;2;30;3.4;0.08;0.0042;0;NA;NA
Minas;34.28;South;2015;2;31;4.4;0.09;0.0021;1;NA;NA
Minas;34.28;South;2015;2;32;4.9;0.1;0.0024;0;NA;NA
Minas;34.28;South;2015;2;33;4.9;0.08;0.0019;0;NA;NA
Minas;34.28;South;2015;2;34;4.6;0.07;0.0024;1;NA;NA
Minas;34.28;South;2015;2;35;4.8;0.1;0.0126;0;NA;NA
Minas;34.28;South;2015;2;36;4.4;0.12;0.0027;0;NA;NA
Minas;34.28;South;2015;2;37;4.3;0.11;0.0039;0;NA;NA
Minas;34.28;South;2015;3;1;4.5;0.06;NA;NA;3.6;0.12
Minas;34.28;South;2015;3;2;4.6;0.09;NA;NA;4.6;0.21
Minas;34.28;South;2015;3;3;4.2;0.07;NA;NA;5.1;0.09
Minas;34.28;South;2015;3;4;4.5;0.07;NA;NA;4.4;0.13
Minas;34.28;South;2015;3;5;4.1;0.08;NA;NA;5;0.2
Minas;34.28;South;2015;3;6;4.7;0.13;NA;NA;4.9;0.05
Minas;34.28;South;2015;3;7;4.2;0.12;NA;NA;4.6;0.07
Minas;34.28;South;2015;3;8;4.2;0.1;NA;NA;4.8;0.21
Minas;34.28;South;2015;3;9;4.5;0.09;NA;NA;4.6;0.19
Minas;34.28;South;2015;3;10;4.1;0.12;NA;NA;4.3;0.13
Minas;34.28;South;2015;3;11;4.1;0.13;NA;NA;4.9;0.18
Minas;34.28;South;2015;3;12;4.7;0.13;NA;NA;5;0.15
Minas;34.28;South;2015;3;13;4.6;0.11;NA;NA;5.1;0.21
Minas;34.28;South;2015;3;14;4.7;0.11;NA;NA;4.4;0.19
Minas;34.28;South;2015;3;15;4.7;0.13;NA;NA;5;0.23
Minas;34.28;South;2015;3;16;4.9;0.09;NA;NA;4.7;0.18
Minas;34.28;South;2015;3;17;4.3;0.1;NA;NA;4.7;0.18
Minas;34.28;South;2015;3;18;4.5;0.13;NA;NA;5;0.19
Minas;34.28;South;2015;3;19;4.6;0.12;NA;NA;5.2;0.18
Minas;34.28;South;2015;3;20;4.8;0.09;NA;NA;4.1;0.12
Minas;34.28;South;2015;3;21;4.9;0.1;0.0036;0;NA;NA
Minas;34.28;South;2015;3;22;4.9;0.14;0.0059;0;NA;NA
Minas;34.28;South;2015;3;23;4.8;0.07;0.0012;1;NA;NA
Minas;34.28;South;2015;3;24;4.6;0.12;0.0032;0;NA;NA
Minas;34.28;South;2015;3;25;4.5;0.09;0.0009;1;NA;NA
Minas;34.28;South;2015;3;26;3.8;0.09;0.0001;1;NA;NA
Minas;34.28;South;2015;3;27;4.3;0.11;0.0017;1;NA;NA
Minas;34.28;South;2015;3;28;4.6;0.1;0.0009;1;NA;NA
Minas;34.28;South;2015;3;29;4.2;0.1;0.0005;1;NA;NA
Minas;34.28;South;2015;3;30;4.1;0.08;0.0018;1;NA;NA
Minas;34.28;South;2015;3;31;NA;NA;0.001;1;NA;NA
Minas;34.28;South;2015;4;1;4.2;0.12;NA;NA;4.2;0.13
Minas;34.28;South;2015;4;2;4.1;0.08;NA;NA;4.6;0.1
Minas;34.28;South;2015;4;3;4.5;0.11;NA;NA;4.4;0.12
Minas;34.28;South;2015;4;4;4.2;0.08;NA;NA;4.9;0.2
Minas;34.28;South;2015;4;5;5;0.16;NA;NA;4.7;0.16
Minas;34.28;South;2015;4;6;4.1;0.11;NA;NA;4.6;0.12
Minas;34.28;South;2015;4;7;4.4;0.05;NA;NA;5;0.18
Minas;34.28;South;2015;4;8;4.6;0.13;NA;NA;4.6;0.11
Minas;34.28;South;2015;4;9;4.6;0.17;NA;NA;4.8;0.18
Minas;34.28;South;2015;4;10;4.8;0.12;NA;NA;5;0.13
Minas;34.28;South;2015;4;11;5.1;0.11;NA;NA;4.1;0.09
Minas;34.28;South;2015;4;12;5.3;0.13;NA;NA;4.7;0.12
Minas;34.28;South;2015;4;13;4.8;0.1;0.0081;0;4.7;0.12
Minas;34.28;South;2015;4;14;4.9;0.15;0.0021;0;4.1;0.06
Minas;34.28;South;2015;4;15;4.6;0.1;0.0003;1;4.5;0.08
Minas;34.28;South;2015;4;16;4.7;0.11;0.0018;0;NA;NA
Minas;34.28;South;2015;4;17;4.7;0.14;0.0005;1;NA;NA
Minas;34.28;South;2016;1;1;4.6;0.17;NA;NA;4.7;0.23
Minas;34.28;South;2016;1;2;3.8;0.13;NA;NA;3.8;0.153
Minas;34.28;South;2016;1;3;3.9;0.11;NA;NA;4.6;0.162
Minas;34.28;South;2016;1;4;3.7;0.12;NA;NA;4.1;0.151
Minas;34.28;South;2016;1;5;4.4;0.17;NA;NA;4.7;0.188
Minas;34.28;South;2016;1;6;4.1;0.14;NA;NA;4.1;0.142
Minas;34.28;South;2016;1;7;3.6;0.12;NA;NA;3.8;0.15
Minas;34.28;South;2016;1;8;4.2;0.12;NA;NA;4.5;0.203
Minas;34.28;South;2016;1;9;4.4;0.15;NA;NA;4.3;0.157
Minas;34.28;South;2016;1;10;4;0.14;NA;NA;4.8;0.187
Minas;34.28;South;2016;1;11;3.6;0.12;NA;NA;4.5;0.241
Minas;34.28;South;2016;1;12;4;0.11;NA;NA;3.9;0.136
Minas;34.28;South;2016;1;13;4.4;0.11;NA;NA;4.1;0.187
Minas;34.28;South;2016;1;14;4.6;0.11;NA;NA;3.8;0.124
Minas;34.28;South;2016;1;15;3.7;0.11;NA;NA;3.7;0.167
Minas;34.28;South;2016;1;16;4.2;0.12;NA;NA;4.4;0.183
Minas;34.28;South;2016;1;17;4.2;0.14;NA;NA;4;0.132
Minas;34.28;South;2016;1;18;4.1;0.096;0.0008;1;4.4;0.158
Minas;34.28;South;2016;1;19;3.9;0.095;0.0024;1;4;0.137
Minas;34.28;South;2016;1;20;4;0.035;0.0026;0;4.5;0.239
Minas;34.28;South;2016;1;21;3.5;0.076;0.0003;1;NA;NA
Minas;34.28;South;2016;1;22;3.9;0.127;0.0026;0;NA;NA
Minas;34.28;South;2016;1;23;4;0.15;0.0018;1;NA;NA
Minas;34.28;South;2016;1;24;3.8;0.11;0.0012;1;NA;NA
Minas;34.28;South;2016;1;25;3.5;0.113;0.009;0;NA;NA
Minas;34.28;South;2016;1;26;3.4;0.094;0.001;1;NA;NA
Minas;34.28;South;2016;1;27;4;0.123;0.002;0;NA;NA
Minas;34.28;South;2016;1;28;3.6;0.133;0.0008;1;NA;NA
Minas;34.28;South;2016;1;29;3.9;0.11;0.0027;0;NA;NA
Minas;34.28;South;2016;1;30;4.2;0.132;0.0022;1;NA;NA
Minas;34.28;South;2016;1;31;3.4;0.127;0.0026;0;NA;NA
Minas;34.28;South;2016;1;32;4;0.149;0.0056;0;NA;NA
Minas;34.28;South;2016;2;1;4.4;0.149;NA;NA;4.6;0.139
Minas;34.28;South;2016;2;2;3.8;0.136;NA;NA;4.2;0.175
Minas;34.28;South;2016;2;3;4.4;0.107;NA;NA;4.3;0.263
Minas;34.28;South;2016;2;4;4.6;0.143;NA;NA;4.1;0.228
Minas;34.28;South;2016;2;5;4;0.146;NA;NA;4;0.228
Minas;34.28;South;2016;2;6;4;0.086;NA;NA;3.7;0.155
Minas;34.28;South;2016;2;7;3.9;0.098;NA;NA;4.1;0.189
Minas;34.28;South;2016;2;8;3.4;0.096;0.0066;0;3.8;0.264
Minas;34.28;South;2016;2;9;4.4;0.141;0.006;0;4.4;0.139
Minas;34.28;South;2016;2;10;4.2;0.115;0.0003;1;4.6;0.147
Minas;34.28;South;2016;2;11;4.4;0.169;0.0011;0;3.6;0.119
Minas;34.28;South;2016;2;12;4;0.1;0.0046;0;NA;NA
Minas;34.28;South;2016;2;13;4.2;0.102;0.0026;0;NA;NA
Minas;34.28;South;2016;2;14;5;0.183;0.0034;0;NA;NA
Minas;34.28;South;2016;2;15;5.1;0.157;0.0037;0;NA;NA
Minas;34.28;South;2016;2;16;4;0.139;0.001;1;NA;NA
Minas;34.28;South;2016;2;17;4.3;0.126;0.0058;0;NA;NA
Minas;34.28;South;2016;2;18;4.1;0.107;0.0056;0;NA;NA
Minas;34.28;South;2016;2;19;4;0.145;0.002;0;NA;NA
Minas;34.28;South;2016;2;20;3.5;0.086;0.0038;0;NA;NA
Minas;34.28;South;2016;2;21;3.8;0.125;0.0033;0;NA;NA
Minas;34.28;South;2016;2;22;3.6;0.101;0.0058;0;NA;NA
Minas;34.28;South;2016;2;23;4;0.106;0.0053;0;NA;NA
Minas;34.28;South;2016;2;24;4.5;0.112;0.0026;1;NA;NA
Minas;34.28;South;2016;2;25;4;0.108;0.0006;1;NA;NA
Minas;34.28;South;2016;2;26;3.6;0.109;0.0006;1;NA;NA
Minas;34.28;South;2016;2;27;3.7;0.067;0.0025;1;NA;NA
Minas;34.28;South;2016;2;28;4.5;0.16;0.0027;0;NA;NA
Minas;34.28;South;2016;2;29;3.3;0.149;0.0024;0;NA;NA
Minas;34.28;South;2016;2;30;4.1;0.117;0.0022;1;NA;NA
Minas;34.28;South;2016;2;31;3.9;0.105;0.0046;0;NA;NA
Minas;34.28;South;2016;2;32;4;0.112;0.0088;0;NA;NA
Minas;34.28;South;2016;2;33;4.4;0.097;0.0034;0;NA;NA
Minas;34.28;South;2016;2;34;4.4;0.143;0.0016;1;NA;NA
Minas;34.28;South;2016;2;35;4.1;0.111;0.007;0;NA;NA
Minas;34.28;South;2016;2;36;3.4;0.086;0.0024;0;NA;NA
Minas;34.28;South;2016;2;37;4.4;0.125;0.0083;0;NA;NA
Minas;34.28;South;2016;2;38;4;0.141;0.0099;0;NA;NA
Minas;34.28;South;2016;3;1;4;0.102;NA;NA;4.6;0.114
Minas;34.28;South;2016;3;2;4.4;0.131;NA;NA;4.2;0.141
Minas;34.28;South;2016;3;3;3.7;0.093;NA;NA;4.1;0.116
Minas;34.28;South;2016;3;4;4.4;0.125;NA;NA;4.5;0.244
Minas;34.28;South;2016;3;5;4.9;0.15;NA;NA;4.3;0.178
Minas;34.28;South;2016;3;6;4.4;0.13;NA;NA;4.4;0.16
Minas;34.28;South;2016;3;7;4.6;0.116;NA;NA;4.2;0.227
Minas;34.28;South;2016;3;8;4.3;0.14;NA;NA;4.2;0.196
Minas;34.28;South;2016;3;9;4;0.108;NA;NA;4.3;0.195
Minas;34.28;South;2016;3;10;4.3;0.127;NA;NA;4.4;0.148
Minas;34.28;South;2016;3;11;3.8;0.093;NA;NA;4.2;0.16
Minas;34.28;South;2016;3;12;4;0.136;NA;NA;4.6;0.275
Minas;34.28;South;2016;3;13;4.5;0.096;NA;NA;4.1;0.199
Minas;34.28;South;2016;3;14;4.3;0.113;NA;NA;4;0.223
Minas;34.28;South;2016;3;15;4.3;0.082;NA;NA;4.5;0.267
Minas;34.28;South;2016;3;16;4.1;0.135;NA;NA;4.6;0.19
Minas;34.28;South;2016;3;17;4.2;0.187;NA;NA;4.9;0.118
Minas;34.28;South;2016;3;18;4;0.091;NA;NA;NA;NA
Minas;34.28;South;2016;3;19;4.2;0.145;NA;NA;NA;NA
Minas;34.28;South;2016;3;20;4.1;0.104;NA;NA;NA;NA
Minas;34.28;South;2016;3;21;4.3;0.106;0.0012;1;NA;NA
Minas;34.28;South;2016;3;22;4.9;0.167;0.0026;0;NA;NA
Minas;34.28;South;2016;3;23;4.4;0.141;0.0014;1;NA;NA
Minas;34.28;South;2016;3;24;3.8;0.188;0.0007;1;NA;NA
Minas;34.28;South;2016;3;25;4.4;0.1;0.0041;0;NA;NA
Minas;34.28;South;2016;3;26;4.5;0.117;0.0048;0;NA;NA
Minas;34.28;South;2016;3;27;4.2;0.083;0.001;1;NA;NA
Minas;34.28;South;2016;3;28;4.1;0.109;0.001;1;NA;NA
Minas;34.28;South;2016;3;29;4.7;0.105;0.0007;1;NA;NA
Minas;34.28;South;2016;3;30;4.1;0.141;0.0045;0;NA;NA
Minas;34.28;South;2016;3;31;4.5;0.143;0.0034;0;NA;NA
Minas;34.28;South;2016;3;32;4.2;0.144;0.0054;0;NA;NA
Minas;34.28;South;2016;3;33;4.4;0.115;0.0015;1;NA;NA
Minas;34.28;South;2016;3;34;4.2;0.114;0.0008;1;NA;NA
Minas;34.28;South;2016;3;35;5;0.131;0.0045;0;NA;NA
Minas;34.28;South;2016;3;36;4.7;0.11;0.0032;0;NA;NA
Minas;34.28;South;2016;3;37;5;0.203;0.0032;0;NA;NA
Minas;34.28;South;2016;3;38;4.5;0.11;0.0044;0;NA;NA
Minas;34.28;South;2016;4;1;4.3;0.095;NA;NA;4.2;0.216
Minas;34.28;South;2016;4;2;4.2;0.115;NA;NA;4.2;0.098
Minas;34.28;South;2016;4;3;4;0.13;NA;NA;4.4;0.124
Minas;34.28;South;2016;4;4;4.5;0.126;NA;NA;3.9;0.082
Minas;34.28;South;2016;4;5;4;0.11;NA;NA;4.6;0.217
Minas;34.28;South;2016;4;6;3.8;0.118;NA;NA;4.6;0.176
Minas;34.28;South;2016;4;7;3.9;0.071;NA;NA;5;0.153
Minas;34.28;South;2016;4;8;3.9;0.076;NA;NA;3.9;0.127
Minas;34.28;South;2016;4;9;4.1;0.102;NA;NA;4.2;0.199
Minas;34.28;South;2016;4;10;4.2;0.118;NA;NA;4.3;0.108
Minas;34.28;South;2016;4;11;3.9;0.127;NA;NA;4.4;0.176
Minas;34.28;South;2016;4;12;3.9;0.095;NA;NA;4.5;0.173
Minas;34.28;South;2016;4;13;4.4;0.144;0.0098;0;4.4;0.168
